EmployeeID,FirstName,LastName,Email,Gender,NewJoiner,LearningPending,Salary,Rating
503-56-2094,Brendan,Hegmann,gonzalo.botsford@gmail.com,Non-Binary,TRUE,FALSE,140208,2
510-83-7219,Caitlyn,Brown,aiko.corwin@gmail.com,Male,FALSE,TRUE,114487,5
345-82-8839,Hipolito,Stroman,dimple.pollich@gmail.com,Male,TRUE,TRUE,68059,3
152-05-9650,Adam,Fahey,hugh.ruecker@yahoo.com,Male,TRUE,TRUE,91999,0
663-61-9041,Josue,Koss,gertie.schiller@yahoo.com,Female,TRUE,TRUE,199114,3
061-49-3346,Stefany,Brekke,malik.yundt@yahoo.com,Male,FALSE,TRUE,129754,1
854-52-3098,Stephen,Farrell,shannon.hermann@hotmail.com,Non-Binary,TRUE,TRUE,72937,4
420-30-5895,Hoyt,Gaylord,katherin.kemmer@yahoo.com,Male,TRUE,FALSE,172583,0
345-37-2462,Mignon,Emmerich,essie.renner@hotmail.com,Male,FALSE,FALSE,96143,4
512-45-5541,Jason,Pagac,ara.kovacek@yahoo.com,Male,TRUE,FALSE,68379,4
636-14-3721,Cedric,Muller,debby.torp@gmail.com,Female,TRUE,FALSE,183461,0
110-42-0966,Tamica,Rutherford,rocco.rice@gmail.com,Non-Binary,FALSE,FALSE,110061,2
739-40-6979,Ka,Sawayn,roxie.lubowitz@yahoo.com,Non-Binary,TRUE,TRUE,152943,1
878-01-0756,Arden,Hayes,mose.conn@yahoo.com,Female,TRUE,FALSE,151831,0
613-87-7373,Doloris,Dicki,julene.hammes@hotmail.com,Male,TRUE,TRUE,148960,3
297-46-1934,Elden,Hudson,thanh.shields@yahoo.com,Male,FALSE,FALSE,186315,3
031-71-3605,Sidney,Weissnat,tisa.zboncak@yahoo.com,Female,FALSE,TRUE,76836,4
868-25-5313,Valorie,Hoeger,maxine.schamberger@gmail.com,Non-Binary,TRUE,FALSE,158237,4
076-53-1665,Filiberto,Schuppe,will.morissette@gmail.com,Male,FALSE,FALSE,86124,4
492-45-9775,Terrell,Kub,alfonso.dickinson@yahoo.com,Male,FALSE,FALSE,179566,1
182-55-2484,Marybelle,Welch,marisol.streich@yahoo.com,Non-Binary,FALSE,TRUE,106792,2
894-24-8345,Lanelle,Labadie,flor.shanahan@gmail.com,Male,TRUE,TRUE,135719,3
874-75-1033,Sergio,Baumbach,eneida.zieme@hotmail.com,Female,TRUE,FALSE,100430,1
851-15-6671,Shelley,Konopelski,edwin.gottlieb@yahoo.com,Female,FALSE,TRUE,96610,0
123-49-8343,Gaston,Shanahan,maye.konopelski@yahoo.com,Female,FALSE,TRUE,59589,4
587-30-0219,Trenton,Konopelski,rene.jast@hotmail.com,Non-Binary,FALSE,TRUE,128294,4
026-78-4456,Marx,Schneider,vernice.hills@gmail.com,Male,TRUE,TRUE,89235,0
168-59-1405,Jude,O'Connell,melvina.vonrueden@hotmail.com,Female,TRUE,TRUE,169656,3
795-72-7625,Hong,Swift,chi.carter@hotmail.com,Female,FALSE,FALSE,157578,1
563-40-7555,Mohammad,Dietrich,paris.bahringer@yahoo.com,Female,TRUE,FALSE,169692,5
572-75-6177,Robt,Bergnaum,clair.oconnell@hotmail.com,Female,FALSE,TRUE,164078,0
196-99-9840,Zane,Effertz,crystal.barrows@gmail.com,Female,FALSE,TRUE,93267,0
285-42-1103,Kelly,Larson,tai.anderson@yahoo.com,Female,FALSE,TRUE,146711,3
830-39-3511,Rosalind,Wilkinson,maurita.cremin@hotmail.com,Male,FALSE,FALSE,93876,0
664-44-4967,Crystal,McKenzie,isidro.cummings@yahoo.com,Male,TRUE,FALSE,89772,2
597-26-2216,Fawn,Price,alfredia.mcglynn@yahoo.com,Female,TRUE,FALSE,120081,0
617-70-4228,Jordan,Powlowski,harrison.greenholt@gmail.com,Male,FALSE,TRUE,146869,1
166-34-1296,Steven,Spencer,sanford.rutherford@yahoo.com,Female,TRUE,TRUE,85069,2
430-27-4800,Bobbie,Hessel,leota.grant@yahoo.com,Male,TRUE,FALSE,63060,1
471-46-4113,Vaughn,Bauch,jackie.torp@yahoo.com,Non-Binary,FALSE,FALSE,130549,1
218-75-4003,Tesha,Kling,breanna.schroeder@gmail.com,Male,TRUE,TRUE,176276,0
286-04-3397,Star,Keeling,carissa.altenwerth@hotmail.com,Male,FALSE,TRUE,86405,0
162-93-7834,Jordan,Bergstrom,louie.donnelly@hotmail.com,Female,FALSE,TRUE,118109,3
064-41-7289,Taylor,Cole,lyman.harvey@gmail.com,Female,TRUE,TRUE,75617,5
227-12-3078,Edwina,Hane,alecia.kuhn@yahoo.com,Non-Binary,TRUE,TRUE,151682,5
710-16-2380,Ada,Kessler,arnetta.wolf@hotmail.com,Non-Binary,TRUE,FALSE,174720,5
309-37-9168,Sheridan,Kunze,tanika.fay@hotmail.com,Male,FALSE,TRUE,54782,3
455-75-6441,Ronny,Haley,cedric.mclaughlin@gmail.com,Male,TRUE,FALSE,128050,1
338-46-7354,Gregg,Wunsch,man.wehner@gmail.com,Male,FALSE,TRUE,118213,2
318-55-8614,Joeann,Carter,tillie.mckenzie@yahoo.com,Female,FALSE,FALSE,90920,4
835-43-0100,Lonnie,Schmidt,chi.harris@gmail.com,Male,TRUE,TRUE,81516,3
493-62-9303,Guillermo,Muller,anton.rutherford@gmail.com,Female,TRUE,TRUE,66005,3
478-09-5680,Yen,Lesch,kareem.haley@yahoo.com,Female,TRUE,TRUE,118885,3
162-94-7780,Bernard,Weber,augustine.johnston@yahoo.com,Non-Binary,FALSE,TRUE,88815,3
391-14-4082,Adolfo,Boehm,steve.strosin@yahoo.com,Female,TRUE,TRUE,173459,1
482-01-4994,Mckinley,Hegmann,hoyt.effertz@yahoo.com,Female,FALSE,FALSE,84294,1
293-65-4707,Moshe,Treutel,deon.morissette@gmail.com,Female,FALSE,FALSE,130665,1
306-56-1810,Damien,Powlowski,simonne.reilly@hotmail.com,Female,TRUE,FALSE,175216,5
093-82-9304,Mike,Nienow,jarrod.labadie@gmail.com,Female,FALSE,TRUE,113172,2
465-89-3358,Patrice,Braun,darren.jerde@yahoo.com,Non-Binary,FALSE,FALSE,125416,1
468-09-2053,Winfred,Heathcote,chris.kuhlman@yahoo.com,Male,TRUE,FALSE,159884,1
712-92-1928,Arnold,Spencer,agustina.zboncak@yahoo.com,Female,FALSE,FALSE,139141,2
795-51-9552,Hang,Stroman,jerlene.mueller@hotmail.com,Non-Binary,TRUE,FALSE,151431,4
088-68-4280,Ewa,Effertz,edgardo.braun@gmail.com,Male,FALSE,FALSE,158958,2
670-40-8605,Myrl,Schultz,ema.kuhic@gmail.com,Female,TRUE,TRUE,163756,2
344-17-1489,Josiah,Watsica,ramon.wehner@yahoo.com,Male,FALSE,TRUE,123586,0
251-55-3338,Arron,Goyette,francis.stark@hotmail.com,Male,FALSE,TRUE,191165,2
430-29-3602,Cayla,Grimes,lavone.homenick@yahoo.com,Male,FALSE,TRUE,140601,4
525-89-5955,Rudy,Harris,gerardo.dare@hotmail.com,Male,TRUE,TRUE,70046,5
672-93-4322,Wai,Ernser,raina.heathcote@gmail.com,Female,FALSE,TRUE,112575,3
365-88-0598,Milton,Robel,alison.thompson@gmail.com,Non-Binary,TRUE,TRUE,163572,0
165-21-1846,Enoch,Kozey,lona.schmidt@gmail.com,Male,TRUE,TRUE,145084,2
540-88-2562,Danilo,Littel,elliott.nikolaus@hotmail.com,Female,FALSE,FALSE,66001,3
266-93-1620,Marcelo,Hirthe,kristel.kuphal@hotmail.com,Male,FALSE,TRUE,198115,2
641-96-6639,Jennefer,Toy,veronique.dare@hotmail.com,Male,FALSE,TRUE,52408,1
862-80-6717,Jonathon,Zemlak,carmen.raynor@yahoo.com,Non-Binary,TRUE,TRUE,83017,0
473-97-5872,Bari,Stracke,romeo.medhurst@yahoo.com,Male,FALSE,FALSE,188924,1
505-88-7760,Milan,Wiegand,conrad.halvorson@gmail.com,Non-Binary,FALSE,TRUE,155485,2
157-63-9929,Gene,Nolan,ami.kihn@yahoo.com,Male,FALSE,FALSE,118914,1
289-71-3835,Emory,Moen,queenie.mante@hotmail.com,Female,TRUE,FALSE,130975,2
759-80-4175,Jenine,Little,kraig.crooks@gmail.com,Female,TRUE,TRUE,155543,4
499-93-1235,Virgil,Balistreri,liberty.gulgowski@yahoo.com,Male,FALSE,TRUE,89805,0
038-75-4365,Noble,Monahan,leonardo.quigley@yahoo.com,Male,TRUE,TRUE,140656,4
252-68-0741,Sherry,Hansen,isaac.cummings@gmail.com,Non-Binary,TRUE,FALSE,97660,4
708-91-1521,Ronnie,Bashirian,rossana.lockman@gmail.com,Female,TRUE,FALSE,154211,1
820-32-4991,Gregoria,Kilback,sharron.king@yahoo.com,Non-Binary,FALSE,FALSE,197440,3
817-69-9533,Gary,Wilkinson,torri.turner@yahoo.com,Female,TRUE,TRUE,153824,0
439-08-7944,Joellen,Walker,sam.steuber@yahoo.com,Female,FALSE,FALSE,133613,2
862-67-7413,Joi,Klein,trenton.hartmann@gmail.com,Female,FALSE,FALSE,190726,0
872-24-3871,Alberto,Marquardt,daron.lockman@hotmail.com,Non-Binary,TRUE,FALSE,101817,2
441-36-6722,Corazon,Treutel,theo.blick@hotmail.com,Non-Binary,TRUE,TRUE,86537,5
886-71-6841,Kieth,Towne,eddy.grimes@hotmail.com,Female,FALSE,TRUE,154117,5
823-68-4879,Adan,Boyle,maribeth.pagac@gmail.com,Female,TRUE,TRUE,66968,4
551-20-7509,Maggie,Kilback,dudley.ward@yahoo.com,Non-Binary,FALSE,FALSE,158875,2
752-05-5182,Chloe,Huel,irwin.armstrong@hotmail.com,Female,FALSE,TRUE,199352,2
198-07-0081,Archie,Becker,kieth.durgan@gmail.com,Non-Binary,FALSE,FALSE,92618,5
604-26-0205,Leslie,Heidenreich,andres.mosciski@gmail.com,Male,TRUE,TRUE,64579,3
430-66-4334,Eli,Bayer,rolf.becker@yahoo.com,Non-Binary,TRUE,FALSE,70036,2
561-31-2950,Herschel,Schimmel,timothy.davis@gmail.com,Non-Binary,TRUE,TRUE,88148,2
332-49-0551,Bernita,Erdman,hermelinda.smith@gmail.com,Female,FALSE,TRUE,106956,0
212-19-2673,Monnie,Rempel,fidelia.mccullough@yahoo.com,Male,FALSE,FALSE,160106,5
289-03-8527,Philip,Aufderhar,fidel.paucek@hotmail.com,Male,FALSE,TRUE,65620,2
001-80-0603,Terrell,Larkin,frederic.shanahan@hotmail.com,Non-Binary,FALSE,TRUE,76655,2
243-64-1914,Graig,Roob,marilee.block@yahoo.com,Non-Binary,FALSE,TRUE,59727,4
653-07-0630,Buster,Turcotte,curtis.fisher@gmail.com,Female,FALSE,FALSE,124328,5
178-81-6355,Rubin,Murray,dustin.feil@hotmail.com,Female,TRUE,FALSE,192588,5
657-32-9418,Steve,Pfeffer,latoya.kulas@gmail.com,Non-Binary,TRUE,FALSE,69608,0
604-57-0067,Iesha,Schoen,kareen.franecki@hotmail.com,Male,TRUE,TRUE,105993,1
034-51-2043,Karleen,Kertzmann,tayna.lowe@gmail.com,Male,TRUE,FALSE,153538,0
472-32-6840,Kathey,Fisher,nancey.bashirian@gmail.com,Female,TRUE,TRUE,171298,5
692-98-6992,Shanti,Haley,faustino.roob@gmail.com,Male,FALSE,FALSE,130817,0
415-26-2983,Darci,Baumbach,phil.wilderman@gmail.com,Non-Binary,FALSE,FALSE,169318,0
476-87-9809,Doug,Bednar,clora.okeefe@gmail.com,Non-Binary,TRUE,FALSE,53788,4
374-08-1161,Johnnie,Harber,alex.kessler@hotmail.com,Male,FALSE,TRUE,56273,1
392-19-3040,Melodee,Terry,eladia.gutmann@yahoo.com,Non-Binary,FALSE,TRUE,190586,3
679-28-0386,Kimbery,Armstrong,demarcus.toy@yahoo.com,Male,FALSE,FALSE,53336,5
710-23-3928,Florene,O'Keefe,dewayne.hartmann@hotmail.com,Non-Binary,TRUE,FALSE,87622,0
811-63-3394,Herb,Bode,val.feil@hotmail.com,Male,FALSE,FALSE,90430,3
069-87-5761,Olinda,Kozey,lucia.balistreri@gmail.com,Female,TRUE,FALSE,50504,4
622-12-6974,Jeneva,Hahn,carter.von@hotmail.com,Non-Binary,FALSE,FALSE,178314,0
407-87-7450,Garfield,McClure,jewell.halvorson@gmail.com,Non-Binary,TRUE,FALSE,153568,3
166-43-9497,Dirk,Friesen,donny.roob@yahoo.com,Female,FALSE,FALSE,80325,1
487-60-0618,Donte,Dare,scott.koss@yahoo.com,Non-Binary,FALSE,TRUE,127750,0
061-01-4029,Ellamae,Bosco,elana.pacocha@gmail.com,Male,TRUE,FALSE,71700,5
508-29-0570,Shanita,Powlowski,hillary.langosh@hotmail.com,Female,TRUE,FALSE,64609,2
750-60-1796,Ann,Balistreri,emile.kuhlman@yahoo.com,Female,FALSE,TRUE,77843,1
710-59-9136,Dorla,Murazik,ruthe.langworth@yahoo.com,Female,TRUE,TRUE,132086,1
309-58-8156,Karyl,Dach,eddy.williamson@gmail.com,Male,TRUE,FALSE,113722,4
438-23-0014,Raisa,Ullrich,hung.raynor@yahoo.com,Female,FALSE,FALSE,189295,5
508-37-0661,Jarrod,Davis,marcelo.wolf@hotmail.com,Female,FALSE,TRUE,198766,2
040-91-9902,Enrique,Schoen,lora.marquardt@hotmail.com,Female,FALSE,FALSE,119044,3
844-27-6397,Patricia,Hand,kathe.abernathy@yahoo.com,Male,FALSE,TRUE,59837,2
419-08-2849,Sommer,Sanford,devin.daniel@yahoo.com,Non-Binary,TRUE,TRUE,169180,2
215-17-6268,Marlin,Mraz,samantha.goldner@gmail.com,Non-Binary,TRUE,TRUE,129824,2
206-58-9728,Allan,Rutherford,wilbur.cartwright@hotmail.com,Female,TRUE,TRUE,129094,4
728-11-7773,Erwin,Price,willene.rodriguez@yahoo.com,Female,FALSE,TRUE,79476,2
059-30-3582,Rebecca,Johns,keri.bednar@gmail.com,Female,TRUE,TRUE,163982,1
026-80-1276,Lavelle,Champlin,manuel.kilback@gmail.com,Non-Binary,FALSE,TRUE,183473,4
052-55-4747,Kris,Reilly,deena.hettinger@hotmail.com,Female,TRUE,TRUE,131459,4
011-81-6302,Jerrell,Ortiz,bertram.collier@gmail.com,Non-Binary,FALSE,TRUE,169044,2
851-50-2818,Adelaida,Schuppe,michaele.parker@hotmail.com,Male,FALSE,FALSE,130472,0
617-59-5490,Marco,Hane,greg.schuppe@yahoo.com,Male,FALSE,TRUE,126498,0
685-75-4991,Benito,Blick,rico.erdman@yahoo.com,Female,FALSE,TRUE,119711,2
393-28-6135,Dillon,Stroman,raphael.rohan@yahoo.com,Non-Binary,TRUE,TRUE,158140,0
050-36-3766,Florance,Goyette,elias.mayert@yahoo.com,Non-Binary,FALSE,TRUE,69849,0
484-08-1583,Madeline,Schamberger,leo.kohler@hotmail.com,Non-Binary,FALSE,FALSE,74423,5
004-91-3766,America,MacGyver,mathilda.kling@hotmail.com,Female,TRUE,FALSE,125168,2
800-84-4809,Yuko,Langosh,janet.boyer@yahoo.com,Non-Binary,TRUE,TRUE,134700,5
542-78-9771,Rusty,Kirlin,thanh.swaniawski@gmail.com,Male,TRUE,FALSE,57792,4
809-07-1267,Tory,Purdy,madalyn.zemlak@gmail.com,Male,FALSE,FALSE,148637,4
451-15-3679,Obdulia,Crist,svetlana.denesik@yahoo.com,Non-Binary,FALSE,FALSE,92833,2
091-91-6557,Mirella,Collier,jamey.funk@yahoo.com,Female,FALSE,FALSE,169891,0
432-35-0393,Wiley,Schroeder,melvin.bartoletti@hotmail.com,Non-Binary,FALSE,TRUE,143995,0
665-49-9794,Tameka,Ryan,scottie.walter@hotmail.com,Female,FALSE,FALSE,135129,1
240-76-3173,Nita,Marvin,clinton.wehner@hotmail.com,Male,FALSE,TRUE,108656,1
070-88-1768,Leonila,Bradtke,dick.kuphal@gmail.com,Female,FALSE,FALSE,136008,4
865-83-3293,Verda,Jacobi,inez.barton@yahoo.com,Female,TRUE,TRUE,188155,4
140-76-1999,Ariel,Bartoletti,palma.leuschke@gmail.com,Male,TRUE,FALSE,86945,0
729-31-1186,Olive,Nicolas,molly.kertzmann@yahoo.com,Female,TRUE,TRUE,92085,0
130-86-9732,Veola,Bashirian,evon.effertz@gmail.com,Non-Binary,TRUE,TRUE,109602,2
649-59-5159,Londa,Weber,hyman.carter@hotmail.com,Male,TRUE,FALSE,140262,3
160-81-6640,Jeanie,Welch,palmer.gislason@gmail.com,Non-Binary,FALSE,TRUE,85413,4
154-43-7067,Randee,Gaylord,jude.grady@hotmail.com,Male,TRUE,TRUE,123249,3
750-89-3684,Travis,Marvin,kam.renner@hotmail.com,Male,FALSE,FALSE,174353,3
896-34-5178,Mary,Koss,joie.koelpin@gmail.com,Female,TRUE,TRUE,152376,3
123-49-7016,Cheree,Corkery,jerald.brakus@yahoo.com,Male,TRUE,TRUE,64902,1
306-92-7961,Marni,Becker,cicely.beier@yahoo.com,Non-Binary,FALSE,FALSE,134560,1
779-77-7057,Benjamin,Conn,eduardo.kuhlman@gmail.com,Female,TRUE,FALSE,194238,3
189-91-0061,Glinda,Kovacek,deshawn.frami@yahoo.com,Female,TRUE,TRUE,99190,4
532-99-8147,Torri,Langosh,robert.heaney@gmail.com,Female,FALSE,FALSE,163272,1
003-76-6865,Youlanda,Cremin,bette.moen@gmail.com,Male,FALSE,FALSE,177724,1
008-05-9966,Brian,DuBuque,clint.cronin@hotmail.com,Male,TRUE,TRUE,63695,2
571-35-3318,Gavin,Jaskolski,azucena.hessel@yahoo.com,Male,TRUE,FALSE,190800,4
369-72-4917,Zoila,Durgan,hunter.bogan@gmail.com,Non-Binary,TRUE,FALSE,130707,0
330-88-9758,Graciela,Krajcik,cori.jones@gmail.com,Male,FALSE,FALSE,115648,0
499-75-9135,Florentina,Kautzer,derrick.dickinson@gmail.com,Female,TRUE,TRUE,133491,0
232-90-9890,Jordan,Raynor,fletcher.sporer@yahoo.com,Male,FALSE,TRUE,80675,5
409-14-4479,Hope,Denesik,renita.powlowski@yahoo.com,Non-Binary,FALSE,FALSE,98243,1
564-89-1004,Juanita,Grimes,douglass.walter@gmail.com,Male,FALSE,TRUE,69541,1
470-55-3208,Min,Maggio,leatrice.anderson@yahoo.com,Non-Binary,FALSE,FALSE,81372,4
059-14-6799,Garret,Willms,londa.mccullough@yahoo.com,Male,TRUE,TRUE,124728,1
167-87-8936,Matt,Treutel,candida.johnson@gmail.com,Male,TRUE,TRUE,90064,2
812-58-3007,Clay,Miller,king.cruickshank@hotmail.com,Male,TRUE,FALSE,67468,1
796-49-7230,Scottie,Aufderhar,terry.dare@hotmail.com,Female,FALSE,TRUE,87851,0
247-89-0682,Lavona,Boyle,sanda.pfeffer@yahoo.com,Female,TRUE,TRUE,119675,3
594-43-7680,Keith,Bechtelar,ezekiel.beahan@hotmail.com,Female,TRUE,FALSE,130120,5
316-18-0433,Oscar,Stroman,syble.ward@hotmail.com,Female,TRUE,FALSE,172985,3
582-16-4790,Loreta,Kautzer,carson.lockman@gmail.com,Non-Binary,FALSE,FALSE,60534,2
819-57-9653,Sharee,Quitzon,albert.hahn@gmail.com,Female,TRUE,TRUE,170971,0
396-73-1145,Shirely,Dicki,erin.swaniawski@hotmail.com,Non-Binary,TRUE,TRUE,97337,5
552-11-2152,Lucila,Zulauf,jerome.glover@gmail.com,Non-Binary,FALSE,TRUE,111752,4
531-91-1714,Julissa,Schaefer,maura.shields@hotmail.com,Female,FALSE,FALSE,164645,2
727-90-8027,Alexander,Flatley,delilah.morar@hotmail.com,Male,TRUE,TRUE,178395,5
883-38-2593,Tracey,Klein,deeann.wisoky@gmail.com,Female,FALSE,FALSE,57292,4
113-50-1732,Gordon,Luettgen,curt.okuneva@hotmail.com,Male,FALSE,FALSE,115327,4
191-14-7086,Ellsworth,Gorczany,juan.cummings@hotmail.com,Male,FALSE,FALSE,71308,3
721-06-5408,Cedric,Waelchi,eloy.lynch@hotmail.com,Non-Binary,TRUE,FALSE,60531,0
203-40-4782,Marica,Kunde,claribel.hamill@gmail.com,Female,TRUE,TRUE,124860,5
076-59-6444,Linnie,Little,arnetta.schimmel@hotmail.com,Female,TRUE,TRUE,141679,5
584-51-2797,Donald,Ortiz,donovan.cronin@yahoo.com,Female,TRUE,TRUE,187793,0
410-99-3144,Olen,Bogisich,marvis.mueller@yahoo.com,Male,FALSE,FALSE,78006,2
464-12-5635,Mable,Bernhard,aleta.wiza@yahoo.com,Female,TRUE,TRUE,112660,5
261-90-1069,Mira,Considine,dusti.barrows@yahoo.com,Non-Binary,TRUE,FALSE,168231,1
439-24-5320,Shameka,Walsh,kendrick.wolff@gmail.com,Male,FALSE,FALSE,68765,5
483-64-5554,Ozie,Von,elliot.russel@hotmail.com,Non-Binary,TRUE,FALSE,135921,5
637-55-6455,Evelyn,Robel,silva.medhurst@hotmail.com,Female,TRUE,FALSE,83527,5
504-48-5408,Cindie,Will,eduardo.borer@gmail.com,Male,FALSE,FALSE,50087,0
212-76-4985,Everett,Emmerich,lonny.schoen@hotmail.com,Non-Binary,FALSE,FALSE,176176,2
840-59-9443,Alexandra,DuBuque,leopoldo.marvin@gmail.com,Female,FALSE,TRUE,184188,2
561-96-6603,Glenn,Effertz,eda.rodriguez@gmail.com,Female,TRUE,FALSE,75833,2
818-52-4261,Hong,Moore,carlyn.west@yahoo.com,Male,TRUE,FALSE,127293,4
198-24-6678,Loralee,Von,jared.zboncak@hotmail.com,Non-Binary,FALSE,FALSE,86494,5
450-17-2427,Anibal,Torphy,mercy.bosco@yahoo.com,Male,TRUE,FALSE,151455,3
290-03-6499,Wesley,Oberbrunner,evan.kuhic@hotmail.com,Male,TRUE,FALSE,168748,1
846-67-1964,Lezlie,Cartwright,florencio.dickens@hotmail.com,Male,FALSE,FALSE,146688,0
631-04-7130,Kyung,Gibson,donnie.cole@yahoo.com,Female,FALSE,FALSE,187222,3
113-13-3411,Alton,Leannon,hilton.spencer@gmail.com,Male,TRUE,TRUE,54100,4
134-86-3567,Jamie,Nolan,hoyt.koch@gmail.com,Non-Binary,FALSE,TRUE,147414,3
626-23-9092,Juliet,Wuckert,collin.ledner@gmail.com,Male,FALSE,FALSE,119207,0
891-69-9349,Necole,Kirlin,emery.hoppe@hotmail.com,Female,TRUE,TRUE,54034,1
416-52-1602,Sau,Casper,nell.jast@gmail.com,Female,FALSE,TRUE,87125,0
579-35-3619,Teddy,Emard,shawn.hessel@hotmail.com,Female,TRUE,TRUE,175167,4
678-72-6661,Deandre,Hartmann,yan.morar@gmail.com,Female,FALSE,FALSE,142772,0
865-04-3393,Ettie,Howe,tashia.wiegand@hotmail.com,Male,TRUE,FALSE,173193,2
307-32-0919,Agustin,Gislason,mara.luettgen@hotmail.com,Male,FALSE,TRUE,81457,4
892-05-8965,Val,Willms,bertram.bahringer@gmail.com,Female,FALSE,TRUE,144839,3
637-10-1060,Allan,White,raymundo.cremin@hotmail.com,Female,TRUE,TRUE,171522,0
186-63-0045,Vernon,Deckow,ashlyn.bednar@hotmail.com,Non-Binary,FALSE,FALSE,163393,2
212-58-2737,Gemma,Gutkowski,donnie.harvey@yahoo.com,Female,TRUE,TRUE,62656,2
474-31-8052,Tomas,Gusikowski,milda.bartell@gmail.com,Female,TRUE,FALSE,115668,4
561-98-6882,Newton,Stiedemann,corina.ankunding@yahoo.com,Non-Binary,FALSE,FALSE,124215,5
766-83-6532,Lou,Bartoletti,janetta.schowalter@yahoo.com,Male,FALSE,FALSE,199233,3
379-08-3629,Annmarie,Fritsch,jordon.shields@hotmail.com,Female,TRUE,FALSE,181233,5
411-88-5415,Dennis,Greenfelder,beatris.cruickshank@hotmail.com,Female,FALSE,TRUE,97897,5
094-42-5494,Ping,Monahan,deja.mckenzie@hotmail.com,Non-Binary,FALSE,TRUE,60216,5
433-42-0398,Colton,Romaguera,antone.bins@hotmail.com,Male,TRUE,FALSE,137555,5
416-85-8759,Abraham,O'Conner,willia.hermiston@hotmail.com,Non-Binary,FALSE,TRUE,71356,5
558-81-5109,Madison,Miller,carmelo.orn@hotmail.com,Female,FALSE,TRUE,88483,1
079-36-9027,Angeles,Kreiger,devon.willms@hotmail.com,Non-Binary,FALSE,TRUE,83080,1
468-06-1574,Tim,Johns,shannon.mcdermott@gmail.com,Non-Binary,FALSE,TRUE,103640,2
215-69-7276,Lovetta,Collins,margarite.volkman@yahoo.com,Female,FALSE,TRUE,98505,3
830-42-8726,Ethan,Fadel,edgardo.wuckert@gmail.com,Female,FALSE,TRUE,137102,5
289-38-8066,Tommie,Cole,pearl.kling@gmail.com,Non-Binary,TRUE,TRUE,197437,5
624-09-6912,Michiko,Gibson,jefferson.hegmann@gmail.com,Male,FALSE,FALSE,84467,0
066-37-5407,Carlena,Douglas,marion.rempel@hotmail.com,Non-Binary,TRUE,TRUE,101739,3
510-10-8434,Tonda,Schuster,jeffery.kunde@hotmail.com,Male,TRUE,TRUE,67573,0
802-94-4703,Ross,Lang,vivien.altenwerth@hotmail.com,Female,FALSE,TRUE,143199,1
411-62-4462,Stefan,Olson,bobbie.ziemann@yahoo.com,Male,FALSE,TRUE,74168,2
075-45-4505,Donna,Klein,rona.turcotte@gmail.com,Male,FALSE,TRUE,131273,5
059-81-4588,Ellis,Hintz,aleida.connelly@gmail.com,Male,TRUE,TRUE,93304,2
411-06-6406,Eufemia,Grimes,lajuana.ritchie@hotmail.com,Non-Binary,FALSE,TRUE,109709,0
443-51-1063,Horacio,Kautzer,karla.barton@yahoo.com,Non-Binary,FALSE,FALSE,128783,3
120-35-7798,Edyth,Lebsack,sabine.boyer@yahoo.com,Male,TRUE,TRUE,76363,4
210-86-1406,Shirlene,Rogahn,chauncey.steuber@gmail.com,Non-Binary,FALSE,FALSE,179286,1
254-15-3374,Lorie,Cartwright,gerard.boehm@gmail.com,Non-Binary,TRUE,FALSE,183901,2
696-38-0510,Milton,Heidenreich,nina.labadie@yahoo.com,Male,FALSE,TRUE,121345,3
856-99-3380,Leigh,Gerlach,lynwood.hickle@gmail.com,Female,TRUE,TRUE,101422,0
254-91-4192,Kirstin,Zboncak,monet.goyette@gmail.com,Non-Binary,TRUE,FALSE,78122,4
826-92-8033,Eduardo,Schimmel,delorse.lubowitz@gmail.com,Male,TRUE,FALSE,95358,1
518-41-7424,Kenny,Kovacek,sybil.haag@hotmail.com,Female,FALSE,TRUE,113652,5
241-70-9070,Raleigh,Weber,brad.durgan@hotmail.com,Female,TRUE,TRUE,105316,1
366-49-7573,Elliot,White,clarice.bednar@hotmail.com,Female,FALSE,TRUE,64963,3
087-41-2732,Miyoko,Murazik,rowena.lindgren@gmail.com,Male,FALSE,TRUE,172462,1
809-84-0047,Maryrose,Heidenreich,lucinda.becker@gmail.com,Male,FALSE,TRUE,141922,5
141-58-4364,Johnnie,Hansen,tova.gibson@yahoo.com,Non-Binary,TRUE,TRUE,153994,2
835-22-2048,Grant,Kreiger,myron.erdman@gmail.com,Non-Binary,TRUE,FALSE,173292,1
661-49-9821,Kirby,Quigley,buford.flatley@yahoo.com,Male,TRUE,FALSE,146436,3
740-46-6680,Lucille,Beatty,therese.king@yahoo.com,Female,FALSE,FALSE,54452,0
068-57-2746,Arron,Deckow,ramon.braun@hotmail.com,Female,TRUE,FALSE,86599,3
296-88-6055,Kiley,Paucek,lauralee.davis@hotmail.com,Non-Binary,FALSE,FALSE,142730,1
101-59-7120,Zetta,Konopelski,ingrid.metz@gmail.com,Male,TRUE,FALSE,83481,0
665-91-7539,Isobel,Koelpin,kathryne.konopelski@hotmail.com,Non-Binary,TRUE,TRUE,140045,2
415-20-7239,Kelley,Jones,isidro.blanda@gmail.com,Male,TRUE,TRUE,150317,4
369-85-6566,So,Kris,angle.nolan@yahoo.com,Non-Binary,FALSE,TRUE,61909,1
647-92-5877,Dwain,Wiegand,chas.lebsack@hotmail.com,Female,FALSE,FALSE,153959,2
048-33-7812,Monet,Koepp,donald.botsford@yahoo.com,Male,FALSE,TRUE,141074,2
430-08-5170,Hilton,Harvey,felicidad.bartoletti@hotmail.com,Female,TRUE,FALSE,195632,3
273-58-3322,Tyrell,Toy,maynard.block@hotmail.com,Female,TRUE,TRUE,73071,3
885-38-1244,Karin,Nader,torrie.bayer@yahoo.com,Non-Binary,FALSE,FALSE,57213,0
788-37-2284,Teisha,King,erick.windler@yahoo.com,Non-Binary,FALSE,FALSE,55317,5
645-80-6476,Dorothy,Lubowitz,lauran.lynch@yahoo.com,Non-Binary,TRUE,FALSE,137040,2
033-73-9646,Carlton,Kling,lucio.lang@yahoo.com,Non-Binary,TRUE,FALSE,194640,1
168-08-7419,Julie,Nader,arnoldo.kiehn@yahoo.com,Female,TRUE,TRUE,91534,5
181-39-9056,Shayne,Goldner,arturo.hansen@yahoo.com,Non-Binary,FALSE,TRUE,133761,4
338-10-9094,Felica,Ritchie,rickey.lubowitz@hotmail.com,Male,FALSE,TRUE,61444,0
131-30-6981,Dusty,Jacobi,laverna.pollich@yahoo.com,Female,FALSE,TRUE,126467,5
357-61-3218,Quincy,Dibbert,cory.ward@yahoo.com,Female,TRUE,FALSE,199990,1
045-35-3337,Tristan,Hegmann,ashley.reinger@yahoo.com,Male,TRUE,TRUE,104353,5
302-51-4755,Danae,Terry,chance.senger@yahoo.com,Female,TRUE,FALSE,136628,1
302-73-1919,Cordia,Bogan,elroy.will@gmail.com,Female,TRUE,TRUE,93210,2
344-02-3193,Toccara,Lowe,mitch.veum@gmail.com,Male,TRUE,TRUE,182136,2
147-54-1551,Tomas,Hagenes,wai.carroll@gmail.com,Non-Binary,FALSE,FALSE,179802,1
067-25-8326,Rigoberto,Conn,carolee.toy@hotmail.com,Non-Binary,FALSE,TRUE,164274,1
112-70-4149,Lemuel,Schultz,shane.reichert@yahoo.com,Female,FALSE,TRUE,162876,4
356-18-9312,Viola,Vandervort,darnell.runolfsdottir@hotmail.com,Male,FALSE,TRUE,163206,0
111-36-9865,Odessa,Luettgen,dudley.goodwin@yahoo.com,Female,FALSE,TRUE,191288,5
011-69-1370,Kennith,Stanton,shera.prohaska@gmail.com,Male,FALSE,TRUE,137559,0
270-23-4446,Tamesha,Batz,dewitt.wisoky@yahoo.com,Non-Binary,TRUE,FALSE,188096,4
086-07-9876,Angelo,Treutel,oneida.kemmer@hotmail.com,Non-Binary,TRUE,TRUE,163165,2
790-48-7960,Tobias,Predovic,darryl.gutkowski@gmail.com,Female,FALSE,FALSE,121029,4
302-97-4339,Toby,Sipes,giuseppe.hilpert@gmail.com,Female,TRUE,TRUE,129973,1
843-92-1317,Howard,Marvin,lynda.pollich@hotmail.com,Female,TRUE,FALSE,185874,3
229-68-2730,Ozzie,Marvin,zane.gleason@yahoo.com,Female,TRUE,FALSE,106828,0
023-57-6027,Kiera,Vandervort,zita.erdman@yahoo.com,Female,TRUE,TRUE,189076,5
621-98-7572,Norine,Gaylord,lyndon.adams@yahoo.com,Female,FALSE,TRUE,193326,2
307-71-0374,Jeffie,Stracke,ernesto.wuckert@yahoo.com,Male,TRUE,FALSE,164515,0
622-64-6335,Ina,Schoen,joann.botsford@gmail.com,Female,FALSE,FALSE,181665,5
001-84-8039,Gale,Schmidt,dave.douglas@yahoo.com,Non-Binary,TRUE,FALSE,179277,3
739-19-5284,Shonna,O'Keefe,lanny.pouros@yahoo.com,Female,FALSE,FALSE,110912,4
539-49-5629,Amie,West,marco.runte@hotmail.com,Male,TRUE,TRUE,140381,0
331-95-8625,Sharyn,Olson,wilber.schaden@hotmail.com,Female,FALSE,TRUE,151936,5
853-74-0061,Phil,Walker,gabriele.russel@hotmail.com,Male,FALSE,TRUE,196017,3
089-61-4549,Coralie,Littel,rosario.bradtke@hotmail.com,Female,FALSE,FALSE,180379,0
704-10-2209,Vincenzo,Wilderman,sung.yost@hotmail.com,Female,FALSE,FALSE,188804,0
735-28-4981,Rolf,Botsford,arminda.mcglynn@hotmail.com,Male,TRUE,TRUE,174273,4
517-61-0371,Sebastian,Berge,gregory.windler@gmail.com,Female,FALSE,FALSE,72830,2
010-99-2363,Alishia,Hirthe,damian.dare@hotmail.com,Non-Binary,FALSE,TRUE,85169,2
750-47-2030,Mindy,Swaniawski,lewis.hoeger@gmail.com,Female,TRUE,TRUE,74058,0
389-51-6702,Arline,Herzog,morton.paucek@gmail.com,Female,TRUE,TRUE,107716,1
731-92-7245,Preston,Reichel,cyril.durgan@gmail.com,Male,TRUE,FALSE,81165,0
146-60-9605,Rolando,Weber,alex.heaney@hotmail.com,Male,TRUE,TRUE,166536,2
549-71-7499,Eugenio,Hammes,breana.welch@hotmail.com,Male,FALSE,FALSE,118202,3
227-88-5346,Charlsie,Batz,tawana.lockman@hotmail.com,Female,FALSE,FALSE,75091,2
152-13-8228,Korey,Kohler,sindy.olson@yahoo.com,Male,FALSE,TRUE,54471,4
780-14-6167,Annamae,Zemlak,merri.sanford@yahoo.com,Female,FALSE,TRUE,67663,0
050-33-0380,Twila,Crona,bennie.schimmel@gmail.com,Male,TRUE,TRUE,79349,1
291-12-9404,Garland,Prohaska,cedrick.yost@yahoo.com,Non-Binary,FALSE,FALSE,127140,0
488-17-8086,Suzy,Daniel,darrick.mueller@hotmail.com,Non-Binary,FALSE,TRUE,141767,0
633-17-3365,Krystle,Schimmel,terrence.schowalter@yahoo.com,Male,FALSE,TRUE,150154,3
680-29-3180,Matthew,Boyer,erick.kling@hotmail.com,Female,FALSE,TRUE,148457,5
133-30-0993,Fidel,Will,grady.frami@yahoo.com,Male,TRUE,TRUE,126265,4
391-01-8130,Ofelia,Cummerata,dennis.koelpin@yahoo.com,Female,TRUE,FALSE,50873,5
372-15-1245,Whitney,Nader,gordon.strosin@hotmail.com,Female,TRUE,FALSE,56827,3
046-55-4228,Janelle,Hilpert,son.mcglynn@hotmail.com,Male,FALSE,FALSE,93741,3
186-68-7323,Alice,Swift,shari.strosin@yahoo.com,Female,FALSE,TRUE,156134,0
061-35-8246,Rick,Ferry,deangelo.macejkovic@yahoo.com,Male,TRUE,TRUE,180210,3
305-02-8148,Michal,Daugherty,nestor.aufderhar@yahoo.com,Non-Binary,FALSE,FALSE,84079,5
696-35-6428,Tu,Monahan,mervin.witting@yahoo.com,Non-Binary,FALSE,FALSE,62250,4
864-10-0839,Jamie,Rohan,basil.rodriguez@hotmail.com,Female,TRUE,TRUE,104462,2
637-38-8832,Mckinley,Gleason,cortez.cassin@gmail.com,Non-Binary,TRUE,TRUE,175640,0
017-33-4061,Lori,Crooks,duane.nicolas@hotmail.com,Male,FALSE,TRUE,96146,5
738-88-4868,Edra,Schmidt,leilani.macejkovic@gmail.com,Male,TRUE,FALSE,193029,4
803-10-9986,Jeremy,Stiedemann,archie.mraz@hotmail.com,Female,FALSE,FALSE,169418,2
459-42-0874,Neil,Bradtke,jay.hyatt@gmail.com,Female,FALSE,FALSE,68656,0
367-84-3936,Keeley,Pacocha,lamont.greenfelder@hotmail.com,Male,TRUE,FALSE,106624,5
391-07-4879,Jefferey,Heidenreich,yi.halvorson@hotmail.com,Male,FALSE,FALSE,73288,4
699-52-5047,Ismael,Beatty,bryce.daniel@gmail.com,Female,FALSE,FALSE,91511,3
269-08-5284,Elda,Abshire,roland.schaefer@hotmail.com,Female,FALSE,TRUE,132423,5
557-02-9774,Jim,Gutmann,erin.lynch@hotmail.com,Female,FALSE,TRUE,137896,5
175-76-2759,Carl,Wunsch,mitzi.barton@gmail.com,Non-Binary,FALSE,FALSE,78254,4
478-20-7092,Francesco,Effertz,clora.feeney@hotmail.com,Non-Binary,FALSE,TRUE,135242,3
898-23-1294,Efrain,Mills,long.mccullough@gmail.com,Non-Binary,FALSE,TRUE,77129,2
073-55-9492,Neta,Murray,pete.schroeder@gmail.com,Male,FALSE,FALSE,118575,0
549-83-4513,Ewa,Schowalter,rodrick.bednar@gmail.com,Male,FALSE,FALSE,167230,2
789-30-3908,Angelena,Sanford,lashaun.langworth@gmail.com,Male,FALSE,TRUE,122339,3
282-05-7223,Patty,Bins,errol.konopelski@gmail.com,Female,TRUE,TRUE,190350,1
646-90-3103,Mitch,Purdy,alease.marquardt@hotmail.com,Non-Binary,TRUE,TRUE,80606,4
175-56-2229,Magdalen,McDermott,jeane.hintz@gmail.com,Non-Binary,TRUE,FALSE,154464,1
433-48-5902,Yelena,Heidenreich,margie.batz@hotmail.com,Male,TRUE,FALSE,146731,2
645-48-8790,Kristopher,Roberts,thanh.altenwerth@yahoo.com,Male,FALSE,FALSE,57427,5
186-27-2528,Karan,McClure,marguerita.kuhlman@yahoo.com,Non-Binary,FALSE,FALSE,184392,3
571-47-9048,Lurlene,Wiegand,guy.kautzer@hotmail.com,Female,FALSE,FALSE,149211,2
650-18-3557,Carmelina,Ondricka,buford.gottlieb@gmail.com,Male,TRUE,TRUE,199707,0
765-83-2517,Berry,Botsford,patrice.bartell@gmail.com,Male,TRUE,TRUE,191077,3
450-01-9884,Cassidy,Carroll,olevia.hermann@hotmail.com,Male,FALSE,TRUE,190044,5
603-89-0970,Antonette,Herzog,deon.herzog@yahoo.com,Non-Binary,TRUE,TRUE,97616,5
352-89-7816,Patrick,Brakus,frankie.little@gmail.com,Non-Binary,FALSE,TRUE,92234,2
813-46-4134,Petronila,VonRueden,victorina.dare@yahoo.com,Male,FALSE,TRUE,139721,5
309-87-0029,Meri,Bins,daron.ritchie@yahoo.com,Non-Binary,TRUE,FALSE,55156,1
420-18-1362,Gearldine,Marquardt,shaquita.buckridge@hotmail.com,Non-Binary,FALSE,TRUE,152944,2
865-39-8649,Loyd,Bode,kris.labadie@hotmail.com,Non-Binary,FALSE,TRUE,72770,3
690-51-9682,Isreal,Bogisich,moses.oconner@gmail.com,Male,FALSE,TRUE,127976,4
664-57-7321,Javier,Stehr,isaura.feeney@yahoo.com,Non-Binary,FALSE,TRUE,111383,0
062-52-3262,Valarie,Tromp,alia.schneider@gmail.com,Female,FALSE,TRUE,95561,3
318-28-5428,Josefina,Dare,blair.predovic@yahoo.com,Male,FALSE,TRUE,174831,4
877-86-9673,Leroy,Russel,granville.morar@yahoo.com,Female,FALSE,TRUE,63687,5
660-68-1672,William,Streich,hector.strosin@hotmail.com,Non-Binary,TRUE,TRUE,177121,5
119-22-9088,Sha,Ankunding,josue.runte@yahoo.com,Male,FALSE,TRUE,94142,4
838-86-5226,Kiesha,Bernier,mercedes.wolff@yahoo.com,Male,TRUE,FALSE,83909,5
565-67-2779,Gaston,Schaden,glenn.doyle@gmail.com,Non-Binary,TRUE,TRUE,111538,4
800-83-5980,Vanda,Johnston,zella.collins@hotmail.com,Non-Binary,TRUE,FALSE,120156,0
752-74-7555,Lizeth,Weimann,renato.tremblay@hotmail.com,Non-Binary,TRUE,FALSE,188997,2
004-04-0387,Tambra,Lockman,todd.spencer@yahoo.com,Non-Binary,FALSE,FALSE,146701,3
057-80-8799,Jamey,Emmerich,shantae.hagenes@hotmail.com,Female,FALSE,TRUE,60329,4
241-40-6083,Santana,Hills,selene.kutch@hotmail.com,Female,TRUE,TRUE,51355,1
371-17-8516,Jacinda,Ebert,deadra.turner@gmail.com,Male,FALSE,TRUE,132363,2
655-60-3221,Toya,Veum,delbert.marquardt@yahoo.com,Male,FALSE,TRUE,141836,0
305-65-5809,Galen,Thompson,maximo.powlowski@hotmail.com,Female,TRUE,TRUE,188564,4
016-22-9901,Lavern,Barton,augustine.sawayn@yahoo.com,Male,FALSE,FALSE,190291,5
669-87-1140,Hoyt,Murphy,lakeshia.heller@hotmail.com,Male,FALSE,TRUE,182562,2
840-62-2272,Shane,Murazik,herb.champlin@yahoo.com,Female,FALSE,FALSE,86128,2
084-61-5388,Sherry,Cremin,todd.dietrich@yahoo.com,Female,FALSE,FALSE,68784,3
313-99-2043,Osvaldo,Durgan,moises.blick@hotmail.com,Female,FALSE,TRUE,190166,4
421-65-4892,Lashon,Kohler,luciano.ryan@gmail.com,Male,TRUE,TRUE,64507,4
006-50-7449,Dwain,Okuneva,fleta.towne@yahoo.com,Female,FALSE,TRUE,62295,0
038-16-9420,Linsey,Jakubowski,ozell.paucek@yahoo.com,Non-Binary,FALSE,TRUE,150573,3
577-66-1280,Mack,Ebert,pauline.strosin@hotmail.com,Male,TRUE,TRUE,86589,5
102-60-4249,Eleanora,Botsford,nida.heller@gmail.com,Male,TRUE,TRUE,179247,0
439-36-2344,Hettie,Koepp,sung.parisian@yahoo.com,Female,FALSE,TRUE,159741,2
841-45-4437,Perry,Fadel,ai.brekke@yahoo.com,Female,TRUE,TRUE,132335,2
890-30-8362,Jordan,Miller,ashly.kuvalis@gmail.com,Non-Binary,FALSE,TRUE,127520,3
223-94-6684,Mollie,Brekke,louie.kunde@gmail.com,Male,TRUE,FALSE,82232,5
121-11-3369,Brady,Swift,brad.daniel@yahoo.com,Non-Binary,FALSE,TRUE,110673,0
126-94-8506,Michael,Runolfsdottir,joette.herman@gmail.com,Non-Binary,FALSE,FALSE,138880,3
882-94-9877,Irina,Russel,lucio.witting@yahoo.com,Male,FALSE,FALSE,127653,2
274-76-7093,Wilburn,Willms,lanny.legros@yahoo.com,Male,TRUE,TRUE,76414,1
570-89-8196,Kimi,Bins,kaylene.raynor@yahoo.com,Non-Binary,FALSE,TRUE,142997,4
518-31-9628,Refugio,Maggio,sanford.mosciski@yahoo.com,Non-Binary,TRUE,FALSE,168696,4
276-17-1781,Augusta,Boyer,perry.hand@gmail.com,Non-Binary,TRUE,FALSE,109059,1
015-34-5579,Cierra,Hammes,elbert.reinger@gmail.com,Female,TRUE,FALSE,147820,5
633-16-5097,Trenton,Baumbach,gabriel.moore@hotmail.com,Male,TRUE,TRUE,63952,1
543-81-6781,Salena,Stroman,rachelle.oreilly@hotmail.com,Male,TRUE,TRUE,191107,3
367-53-8787,Melvin,Kertzmann,micah.cronin@hotmail.com,Male,FALSE,TRUE,146690,3
050-08-8201,Jewell,Walter,kelley.larson@hotmail.com,Non-Binary,TRUE,FALSE,171425,2
366-16-4152,Shanon,Bednar,loris.heaney@gmail.com,Female,FALSE,TRUE,142497,0
782-01-8669,Perry,Volkman,isreal.bergnaum@hotmail.com,Non-Binary,TRUE,FALSE,116081,0
281-58-3562,Edgar,Turner,josue.nitzsche@yahoo.com,Male,TRUE,TRUE,197025,1
274-44-7303,Lauran,Graham,dean.wyman@yahoo.com,Non-Binary,TRUE,TRUE,99827,5
309-23-8240,Concepcion,Mohr,milton.leannon@gmail.com,Female,FALSE,FALSE,55362,0
741-06-3599,Lorna,Jones,nevada.torp@gmail.com,Non-Binary,FALSE,FALSE,156540,5
089-65-6853,Season,Orn,vannesa.stracke@yahoo.com,Male,FALSE,FALSE,71683,4
219-43-2358,Quinn,Mohr,glory.franecki@gmail.com,Male,TRUE,FALSE,150191,0
047-35-1744,Lan,Nitzsche,darnell.schinner@yahoo.com,Male,TRUE,TRUE,181399,5
692-38-9270,Leif,Padberg,roselee.roob@yahoo.com,Non-Binary,FALSE,TRUE,130595,2
557-17-3556,Alexander,Roberts,bryan.durgan@gmail.com,Female,FALSE,TRUE,103078,5
743-47-5468,Elna,Schaefer,karl.bartell@gmail.com,Female,FALSE,FALSE,54492,4
115-75-6767,Humberto,Thiel,brook.trantow@hotmail.com,Non-Binary,TRUE,FALSE,156849,5
135-33-7762,Randal,Lynch,jacques.will@hotmail.com,Male,TRUE,FALSE,193492,1
444-15-8149,Booker,Roob,edmund.streich@yahoo.com,Female,TRUE,TRUE,115425,5
260-83-2604,Helga,Stamm,mariana.jacobson@hotmail.com,Female,FALSE,TRUE,162382,1
738-92-2216,Lee,Senger,mack.beahan@hotmail.com,Female,TRUE,TRUE,96211,1
318-69-1993,Jaqueline,Legros,vito.waters@hotmail.com,Female,TRUE,FALSE,143958,5
070-60-2411,Amada,Ryan,queenie.barton@yahoo.com,Non-Binary,FALSE,FALSE,152921,4
185-01-4242,Sadie,Berge,lacy.spencer@gmail.com,Male,FALSE,TRUE,69623,4
584-94-0237,Alfreda,Ankunding,laverne.davis@yahoo.com,Male,FALSE,FALSE,67471,2
348-79-0892,Diana,Wolff,lore.ondricka@hotmail.com,Male,TRUE,TRUE,157925,1
133-72-8971,Rob,Wilkinson,kristal.champlin@hotmail.com,Female,TRUE,TRUE,144352,2
159-59-2676,Mollie,Gislason,wes.cremin@hotmail.com,Non-Binary,FALSE,FALSE,142823,0
834-27-0169,Kyung,Willms,sanford.trantow@hotmail.com,Female,FALSE,FALSE,88734,3
386-25-0077,Sung,Carroll,rosenda.greenholt@yahoo.com,Male,FALSE,TRUE,197608,1
835-21-4662,Roxy,Waters,zachariah.williamson@yahoo.com,Non-Binary,FALSE,FALSE,94314,5
467-22-5254,Na,Dibbert,marilynn.conn@gmail.com,Non-Binary,TRUE,TRUE,138229,3
755-41-5238,Sunny,Cummings,jenniffer.feil@yahoo.com,Female,FALSE,TRUE,170555,1
636-21-0693,Edwin,Green,tyson.senger@yahoo.com,Male,TRUE,FALSE,124845,4
193-69-2282,Normand,Ritchie,hollie.hettinger@yahoo.com,Non-Binary,TRUE,FALSE,186541,4
409-15-3914,Synthia,Friesen,shaun.jenkins@gmail.com,Male,TRUE,FALSE,94775,4
310-44-7752,Orville,Borer,alberto.altenwerth@yahoo.com,Female,TRUE,FALSE,125370,3
699-60-4030,Dwayne,Rath,ayana.herman@gmail.com,Female,FALSE,TRUE,176821,1
081-60-9307,Lonnie,Lehner,mikel.franecki@gmail.com,Non-Binary,TRUE,TRUE,174709,5
724-64-7052,Ellis,Ortiz,elia.walter@gmail.com,Male,FALSE,TRUE,196845,2
601-32-3626,Hermina,Marquardt,elvira.renner@gmail.com,Non-Binary,TRUE,TRUE,111337,1
893-58-7070,Marvel,Bashirian,van.zulauf@yahoo.com,Female,TRUE,FALSE,75323,0
075-95-6783,Marceline,Kris,christian.volkman@yahoo.com,Male,FALSE,TRUE,139217,4
327-80-3099,Adolph,Jacobi,lyndia.hahn@yahoo.com,Female,TRUE,FALSE,137018,0
678-13-0669,Benjamin,Okuneva,verla.will@gmail.com,Male,FALSE,TRUE,132931,3
673-58-3577,Jesus,Heller,robby.schamberger@hotmail.com,Non-Binary,FALSE,FALSE,79614,1
429-30-5912,Rachell,Gerhold,bennie.swift@hotmail.com,Female,TRUE,FALSE,110237,1
842-47-7227,Dean,Schowalter,reggie.donnelly@hotmail.com,Non-Binary,FALSE,FALSE,164482,4
761-70-4172,Darin,Stanton,dominick.morissette@yahoo.com,Non-Binary,TRUE,TRUE,69341,2
036-42-2282,Trenton,Jaskolski,genia.weber@yahoo.com,Non-Binary,FALSE,TRUE,51006,1
823-45-4188,Ramiro,Shields,edison.rodriguez@yahoo.com,Male,TRUE,TRUE,177004,0
358-07-8402,Tiffanie,Tremblay,efren.predovic@gmail.com,Non-Binary,FALSE,FALSE,109952,1
519-78-3436,Chauncey,Hoppe,armandina.okeefe@yahoo.com,Male,TRUE,FALSE,189615,1
712-81-2225,Barney,Sauer,darla.hodkiewicz@yahoo.com,Non-Binary,TRUE,FALSE,71540,5
124-09-8166,Tanner,Barton,delmer.ebert@yahoo.com,Male,FALSE,TRUE,115585,2
046-75-7535,Numbers,Larkin,sunni.schamberger@gmail.com,Female,FALSE,FALSE,153375,4
115-18-0869,Raymundo,Larson,felipe.brakus@gmail.com,Female,TRUE,TRUE,84641,1
579-34-3444,Corazon,Roberts,freddie.armstrong@gmail.com,Female,FALSE,FALSE,171499,5
576-88-7762,Nola,Monahan,marchelle.lemke@yahoo.com,Male,FALSE,TRUE,142459,4
033-02-2594,Delcie,Kohler,clorinda.rempel@hotmail.com,Female,FALSE,TRUE,93130,1
199-66-9129,Barbie,Windler,bettyann.gutkowski@gmail.com,Female,TRUE,FALSE,153934,4
259-64-2629,Johnie,Schuster,shonta.bode@yahoo.com,Non-Binary,TRUE,TRUE,86987,3
105-83-0011,Lorenzo,Towne,larisa.labadie@hotmail.com,Male,FALSE,FALSE,97642,5
100-85-2638,Ardis,Emard,kera.mills@hotmail.com,Male,FALSE,TRUE,162590,4
443-66-7928,Doretta,Satterfield,minh.sawayn@gmail.com,Male,TRUE,TRUE,156297,0
664-87-5097,Rosaria,Stark,rhonda.yundt@gmail.com,Female,TRUE,FALSE,104085,5
543-03-3117,Buddy,Abshire,julene.huels@hotmail.com,Non-Binary,FALSE,TRUE,93618,5
424-12-4108,Patricia,Kuhn,william.prosacco@yahoo.com,Female,TRUE,TRUE,163243,3
443-44-5253,Faith,Swaniawski,porfirio.stehr@yahoo.com,Female,FALSE,TRUE,173099,1
315-91-7453,Burt,Roob,adan.muller@hotmail.com,Male,FALSE,FALSE,50153,3
060-64-9220,Doreen,West,bruno.schmidt@hotmail.com,Male,FALSE,TRUE,128490,3
430-59-1548,Vern,Bernier,aurea.mills@gmail.com,Non-Binary,TRUE,FALSE,97370,4
655-39-6334,Daria,Tromp,ninfa.johns@gmail.com,Non-Binary,FALSE,TRUE,143958,4
772-33-4066,Rosario,Schaden,candie.wiegand@hotmail.com,Male,FALSE,FALSE,140164,2
580-53-7364,Annie,Romaguera,shannon.beer@gmail.com,Male,FALSE,FALSE,57122,1
604-41-5395,Evangelina,Buckridge,dagmar.dubuque@yahoo.com,Female,TRUE,TRUE,185993,2
713-64-1266,Maryjo,O'Hara,valencia.herman@yahoo.com,Non-Binary,FALSE,TRUE,56281,1
011-80-2586,Arthur,Kuphal,enda.johnson@yahoo.com,Male,TRUE,FALSE,83206,5
187-32-2547,Ramiro,Hane,reyes.schiller@gmail.com,Non-Binary,FALSE,TRUE,127935,4
088-90-2176,Buford,King,verline.strosin@gmail.com,Non-Binary,FALSE,FALSE,125730,3
750-77-3205,Sydney,Fisher,asuncion.kuhn@hotmail.com,Male,FALSE,TRUE,175088,1
605-84-5983,Priscila,Langosh,chester.rogahn@hotmail.com,Non-Binary,TRUE,FALSE,166432,4
462-62-8075,Tory,Langworth,theressa.spencer@hotmail.com,Male,TRUE,FALSE,132243,2
057-30-6606,Tamatha,Renner,carrie.hagenes@hotmail.com,Male,FALSE,TRUE,102378,2
892-20-2338,Jospeh,Lang,mollie.crona@hotmail.com,Female,TRUE,FALSE,169030,2
522-22-1224,Toccara,Renner,shannon.stiedemann@gmail.com,Male,TRUE,TRUE,132940,5
489-13-3234,Bryan,Wehner,dee.murray@yahoo.com,Non-Binary,FALSE,FALSE,143837,5
781-79-2155,Orlando,Heller,christel.sawayn@yahoo.com,Non-Binary,FALSE,TRUE,64262,5
345-31-7213,Isabell,Trantow,barton.lindgren@yahoo.com,Non-Binary,TRUE,TRUE,180713,4
568-82-3183,Karl,Weimann,debbie.thompson@hotmail.com,Male,TRUE,TRUE,184005,5
208-36-3224,Rusty,Shanahan,heather.strosin@hotmail.com,Non-Binary,TRUE,FALSE,55658,4
002-82-6941,Brock,Rippin,cleo.zemlak@gmail.com,Non-Binary,TRUE,TRUE,188425,0
808-14-1814,Joanie,Volkman,nakesha.kilback@gmail.com,Male,TRUE,TRUE,159531,4
616-49-4185,Cordia,Deckow,graig.mills@hotmail.com,Male,FALSE,TRUE,107877,4
705-95-3905,Luciano,Gibson,javier.ohara@gmail.com,Non-Binary,FALSE,TRUE,52135,1
017-39-7823,Betsey,Mills,mary.kirlin@gmail.com,Non-Binary,TRUE,FALSE,135210,0
145-95-3043,Merlene,Schultz,jona.cartwright@hotmail.com,Female,FALSE,FALSE,196272,5
462-17-7128,Morgan,Abbott,martine.schmeler@gmail.com,Male,TRUE,FALSE,191246,2
212-43-5008,Grady,Auer,lawerence.ernser@yahoo.com,Female,FALSE,FALSE,173316,4
744-80-1280,Kory,Hayes,hipolito.pacocha@hotmail.com,Non-Binary,TRUE,TRUE,69952,3
298-64-6935,Chrystal,Reilly,rodger.williamson@yahoo.com,Non-Binary,FALSE,TRUE,194265,1
449-39-8581,Donny,Spinka,erma.wilkinson@gmail.com,Female,FALSE,FALSE,55121,5
785-94-2506,Cyrstal,Bergstrom,carey.hahn@yahoo.com,Male,TRUE,TRUE,119190,3
527-19-4185,Fransisca,Bergstrom,simon.lang@hotmail.com,Non-Binary,TRUE,FALSE,89264,2
168-95-7634,Thomasina,Turcotte,rosina.rau@yahoo.com,Non-Binary,FALSE,FALSE,123052,1
491-29-3874,Yaeko,Lindgren,marissa.larson@yahoo.com,Non-Binary,TRUE,TRUE,76908,5
128-26-9915,Brant,Rosenbaum,starr.nader@yahoo.com,Female,TRUE,TRUE,106792,3
599-76-5632,Katheleen,Simonis,armand.mueller@hotmail.com,Non-Binary,FALSE,TRUE,69166,0
575-47-0264,Irwin,Rau,ike.lebsack@yahoo.com,Male,FALSE,TRUE,168829,4
627-20-5159,Ouida,Baumbach,lashon.kirlin@hotmail.com,Male,TRUE,TRUE,104271,3
215-39-8583,Lita,Stiedemann,thurman.cremin@gmail.com,Female,TRUE,FALSE,119519,2
486-70-8477,Sang,Bradtke,janyce.hills@gmail.com,Male,FALSE,FALSE,146783,4
350-66-6439,Dominic,Altenwerth,julie.torphy@hotmail.com,Non-Binary,TRUE,FALSE,146652,4
757-36-3301,Zachariah,Bogisich,torri.pfannerstill@hotmail.com,Female,TRUE,TRUE,194350,4
129-22-0449,Hal,Rippin,leslie.stiedemann@gmail.com,Male,FALSE,TRUE,156713,2
897-01-8439,Chanell,Cormier,carlyn.roob@yahoo.com,Female,TRUE,FALSE,154224,4
674-69-2085,Loris,O'Keefe,eugenia.gutmann@gmail.com,Male,FALSE,TRUE,78220,5
811-87-6961,Santos,Gerlach,rosendo.moen@hotmail.com,Female,TRUE,TRUE,120401,5
196-64-4502,Sharonda,Runolfsdottir,kelvin.upton@yahoo.com,Male,TRUE,TRUE,198305,4
845-47-1894,Preston,Marvin,fiona.wolf@gmail.com,Female,FALSE,TRUE,119088,2
562-57-8861,Wilson,Renner,joel.leannon@yahoo.com,Male,FALSE,FALSE,135213,0
731-48-4442,Gay,Leannon,rene.connelly@yahoo.com,Non-Binary,FALSE,TRUE,81303,3
776-05-6357,Chun,Doyle,chrystal.lubowitz@yahoo.com,Non-Binary,TRUE,FALSE,83890,1
085-56-0198,Vicente,Lind,odell.hahn@yahoo.com,Female,FALSE,FALSE,108073,1
141-82-9305,Omer,Smitham,tracy.miller@yahoo.com,Male,FALSE,FALSE,178647,3
212-79-7973,Chung,Mills,fabian.harber@hotmail.com,Male,FALSE,TRUE,178395,3
301-71-8764,Gertrudis,Hegmann,katherin.carter@gmail.com,Male,FALSE,FALSE,194709,3
879-17-6124,Louie,Botsford,merlin.haag@gmail.com,Non-Binary,FALSE,FALSE,59245,0
096-83-7711,Selena,Yundt,librada.schamberger@yahoo.com,Male,FALSE,TRUE,163204,4
133-82-0717,Lashawnda,Kshlerin,trinidad.deckow@hotmail.com,Non-Binary,FALSE,TRUE,111885,0
426-33-2396,Madelene,Douglas,maryjo.treutel@gmail.com,Male,TRUE,TRUE,140551,5
212-63-6411,Arletta,Bins,emmitt.terry@gmail.com,Non-Binary,FALSE,FALSE,70876,0
204-73-8381,Stuart,Miller,bob.runte@yahoo.com,Female,FALSE,FALSE,92535,4
737-53-5155,Curtis,Stoltenberg,antony.hand@gmail.com,Male,TRUE,TRUE,119217,4
473-97-2002,Carlota,Aufderhar,francesco.crona@hotmail.com,Male,TRUE,FALSE,107980,2
883-78-0210,Larry,Halvorson,venus.legros@hotmail.com,Male,FALSE,TRUE,153202,4
428-11-9023,Melony,Romaguera,liana.bogan@hotmail.com,Non-Binary,FALSE,FALSE,54719,2
013-72-1089,Yanira,Fritsch,brent.rice@yahoo.com,Male,TRUE,TRUE,112470,5
497-39-1178,Deangelo,Sporer,breanne.kreiger@hotmail.com,Non-Binary,TRUE,TRUE,177258,2
316-56-4700,Harmony,Hagenes,demetrius.berge@yahoo.com,Male,FALSE,FALSE,58302,1
057-93-1389,Marion,Konopelski,don.nicolas@yahoo.com,Non-Binary,TRUE,TRUE,168530,5
671-60-2434,Monica,Predovic,freddie.dickens@yahoo.com,Non-Binary,FALSE,TRUE,143502,0
528-61-5663,Marcelle,Rolfson,dan.tromp@yahoo.com,Male,TRUE,FALSE,170435,0
710-69-2255,Sofia,Okuneva,venita.douglas@gmail.com,Female,FALSE,FALSE,158333,2
346-63-5181,Alison,Davis,dave.denesik@yahoo.com,Male,FALSE,TRUE,131639,5
627-88-2291,Jay,Bergstrom,joanna.mueller@yahoo.com,Non-Binary,TRUE,TRUE,97451,0
319-09-2245,Epifania,Williamson,lucienne.hamill@gmail.com,Male,TRUE,FALSE,55267,3
755-97-2850,Joline,Simonis,katharine.morissette@gmail.com,Male,TRUE,TRUE,195622,5
513-90-8201,Rodrigo,VonRueden,arlene.watsica@yahoo.com,Male,TRUE,FALSE,64196,2
673-80-0674,Lera,MacGyver,laurence.gorczany@hotmail.com,Female,TRUE,TRUE,155801,2
584-81-5627,Holley,Toy,agatha.stehr@hotmail.com,Male,TRUE,FALSE,121937,1
212-45-8721,Mui,Bauch,everett.nienow@hotmail.com,Non-Binary,TRUE,TRUE,123903,3
403-29-2192,Kelley,Reichel,emiko.kub@hotmail.com,Non-Binary,FALSE,TRUE,91456,1
854-32-8343,Phuong,Koelpin,eddie.schowalter@hotmail.com,Female,TRUE,TRUE,101862,5
316-44-5870,Yulanda,Funk,jermaine.barrows@hotmail.com,Male,FALSE,TRUE,150902,1
419-37-9477,Eugene,Stehr,arthur.ward@hotmail.com,Male,TRUE,TRUE,194446,3
525-94-4054,Patrick,Collier,tisha.orn@gmail.com,Female,TRUE,FALSE,173702,0
530-11-3748,Clelia,Daugherty,marquerite.robel@yahoo.com,Male,FALSE,FALSE,110095,4
856-99-1203,Willis,Ebert,lorine.kozey@hotmail.com,Non-Binary,FALSE,TRUE,190055,1
738-16-8388,Carson,Abshire,horace.bernhard@hotmail.com,Non-Binary,TRUE,TRUE,151787,0
787-21-3629,Sebrina,Terry,byron.lemke@yahoo.com,Male,FALSE,TRUE,125127,3
505-34-2414,Diego,Casper,sid.carter@hotmail.com,Male,FALSE,FALSE,182677,3
473-41-7630,Carl,Satterfield,eli.luettgen@gmail.com,Non-Binary,FALSE,TRUE,111024,3
697-79-6691,Jerry,Corkery,scott.prohaska@yahoo.com,Male,TRUE,FALSE,133745,5
228-03-7527,Bobbie,Purdy,tracey.ortiz@hotmail.com,Non-Binary,TRUE,TRUE,144826,3
630-44-9720,Charlsie,Welch,coleen.beatty@hotmail.com,Non-Binary,TRUE,TRUE,152798,2
074-50-7599,Shelly,Dickens,lilian.parker@gmail.com,Female,FALSE,FALSE,60143,3
748-38-5483,Roseanna,Brekke,alden.jacobson@yahoo.com,Female,TRUE,TRUE,52068,0
671-19-7933,Maurice,Rau,mari.turcotte@gmail.com,Non-Binary,TRUE,FALSE,139987,4
552-50-8313,Alex,Aufderhar,shea.kuphal@yahoo.com,Male,TRUE,FALSE,139351,4
635-40-4649,Theressa,Weissnat,sandy.russel@hotmail.com,Female,FALSE,TRUE,147290,4
007-64-7452,Cristobal,Rath,suzann.macgyver@hotmail.com,Non-Binary,TRUE,TRUE,189260,1
406-78-9465,Carmen,Okuneva,ellamae.balistreri@hotmail.com,Non-Binary,TRUE,FALSE,132125,5
730-48-5941,Lawana,Lockman,rosia.ebert@yahoo.com,Female,TRUE,TRUE,178773,2
858-32-3070,Mario,Hilpert,lonna.wolf@gmail.com,Male,FALSE,FALSE,105342,5
381-06-7961,Timothy,Runolfsson,emile.morar@hotmail.com,Male,FALSE,FALSE,195824,5
131-76-9446,Kristofer,Johns,ute.grady@gmail.com,Female,TRUE,FALSE,188420,0
168-77-6498,Wendell,Mills,jeramy.weissnat@yahoo.com,Male,TRUE,TRUE,147403,0
122-25-4780,Ina,Corkery,franklyn.purdy@yahoo.com,Non-Binary,TRUE,FALSE,183636,5
507-70-6542,Angelika,Fadel,ollie.damore@hotmail.com,Non-Binary,TRUE,FALSE,93935,2
821-85-1722,Jermaine,Cruickshank,stefany.trantow@hotmail.com,Female,FALSE,TRUE,100563,4
314-88-6433,Tara,Quitzon,bulah.ledner@hotmail.com,Male,FALSE,TRUE,156791,3
253-06-7103,Aurelio,Kreiger,len.feil@yahoo.com,Non-Binary,TRUE,FALSE,131073,3
787-71-4554,Theodore,Beatty,beau.schaden@gmail.com,Male,FALSE,TRUE,96041,1
018-29-4284,Thaddeus,Dare,rodrick.ullrich@yahoo.com,Male,TRUE,TRUE,122870,0
890-77-1079,Alphonso,Ortiz,rene.balistreri@yahoo.com,Male,TRUE,FALSE,189206,1
011-16-9993,Elaine,Schuster,renda.funk@hotmail.com,Female,TRUE,TRUE,73418,5
325-95-6267,Anthony,Borer,andre.koelpin@hotmail.com,Non-Binary,FALSE,TRUE,130587,2
690-15-7358,Duncan,Dach,kelvin.jacobi@gmail.com,Male,FALSE,TRUE,138350,0
876-57-6530,Arianna,Tromp,ula.king@hotmail.com,Female,TRUE,FALSE,54150,3
139-71-6423,Bethel,Weimann,emeline.fay@yahoo.com,Non-Binary,FALSE,FALSE,188963,3
212-39-1364,Erwin,Kovacek,alena.towne@gmail.com,Female,FALSE,FALSE,82344,4
753-70-1062,Germaine,Hane,gary.gorczany@yahoo.com,Female,TRUE,FALSE,192047,4
756-38-3860,Twila,Fadel,ghislaine.denesik@hotmail.com,Female,TRUE,FALSE,180683,1
847-70-2847,Fairy,Auer,chang.windler@gmail.com,Female,FALSE,TRUE,188610,3
732-77-7450,Cedric,Quitzon,charise.carroll@yahoo.com,Female,TRUE,TRUE,157860,4
848-19-5014,Alonzo,Macejkovic,shela.schulist@gmail.com,Non-Binary,TRUE,TRUE,123526,3
175-62-7291,Jarrod,Abernathy,cortez.gorczany@gmail.com,Male,FALSE,FALSE,167882,2
419-80-5189,Freddie,Schmidt,adam.kozey@hotmail.com,Male,FALSE,FALSE,57973,4
427-60-0416,Grover,Raynor,fern.gibson@hotmail.com,Non-Binary,TRUE,FALSE,114794,4
416-94-3821,Shirley,Nolan,jackson.hammes@gmail.com,Female,TRUE,FALSE,85196,3
336-36-2368,Veronique,Wisozk,sonny.kulas@hotmail.com,Non-Binary,TRUE,TRUE,167890,0
247-99-7445,Liliana,Gulgowski,isaiah.rohan@gmail.com,Non-Binary,TRUE,TRUE,157900,1
146-80-1271,Davis,Welch,ignacio.waelchi@yahoo.com,Non-Binary,FALSE,FALSE,147518,2
428-27-5055,Israel,Emmerich,ashlea.gerhold@hotmail.com,Non-Binary,FALSE,TRUE,170849,3
619-60-5326,Lashay,Langosh,kelvin.dickens@hotmail.com,Male,TRUE,FALSE,131865,2
029-36-9908,Ira,Hagenes,stella.blanda@yahoo.com,Female,FALSE,FALSE,131587,1
527-92-2897,Karissa,Treutel,eldon.friesen@yahoo.com,Male,FALSE,FALSE,103789,2
153-34-6250,Rodrick,Bahringer,nickolas.johnson@gmail.com,Non-Binary,TRUE,FALSE,78231,5
361-11-1653,Lashon,Beatty,lu.conn@gmail.com,Female,TRUE,TRUE,157092,4
477-06-0611,Mervin,Larson,leonie.hoeger@gmail.com,Female,FALSE,TRUE,133296,1
882-79-4640,Fabian,Feeney,cherelle.reichert@hotmail.com,Male,FALSE,TRUE,170065,2
399-86-9602,Deandrea,Upton,adam.abshire@yahoo.com,Female,TRUE,FALSE,189357,1
351-28-0299,Valda,Frami,candace.ohara@yahoo.com,Male,TRUE,FALSE,172958,4
595-08-2946,Ricki,Hegmann,paulene.rempel@yahoo.com,Male,FALSE,FALSE,153861,0
323-74-2986,Suanne,Hagenes,clifford.trantow@yahoo.com,Male,TRUE,TRUE,166913,5
688-16-4134,Tracey,Sanford,michal.rutherford@hotmail.com,Male,FALSE,TRUE,189252,2
186-40-6719,Ying,Kshlerin,lue.lowe@gmail.com,Male,TRUE,FALSE,53018,3
352-03-6229,Erich,Gottlieb,clifford.bernier@gmail.com,Non-Binary,FALSE,TRUE,192547,2
062-50-3877,Harold,Ankunding,ignacio.pacocha@yahoo.com,Female,TRUE,TRUE,111814,1
441-75-8967,Albert,Schoen,winfred.bode@yahoo.com,Female,TRUE,TRUE,188896,2
088-32-3668,Leo,Hansen,lenard.ryan@yahoo.com,Female,TRUE,TRUE,130357,5
415-42-6029,Booker,Hegmann,stanford.howell@gmail.com,Male,FALSE,FALSE,176043,2
476-94-0100,Willie,Bernhard,vivienne.mills@hotmail.com,Non-Binary,TRUE,FALSE,66537,3
486-47-8717,Darrick,Zieme,ardelia.lubowitz@hotmail.com,Female,TRUE,FALSE,116910,5
671-76-6910,Emanuel,Yost,yung.kohler@gmail.com,Female,TRUE,FALSE,63955,4
142-79-1490,Johnette,Crist,chauncey.schulist@gmail.com,Female,FALSE,FALSE,81266,5
086-01-0645,Breanna,McKenzie,cynthia.glover@gmail.com,Male,FALSE,FALSE,66056,3
310-82-2457,Rolf,Treutel,sanjuana.schumm@hotmail.com,Female,TRUE,TRUE,97999,3
365-84-7788,Rodger,Towne,lakeesha.buckridge@hotmail.com,Male,TRUE,FALSE,188826,3
532-99-2289,Sam,Hirthe,guadalupe.kuvalis@yahoo.com,Male,TRUE,FALSE,115568,3
496-57-6510,Will,Gerlach,shaquana.kreiger@hotmail.com,Male,TRUE,FALSE,131625,3
340-31-6623,Stephanie,Hessel,alan.cormier@yahoo.com,Male,TRUE,FALSE,52158,4
480-32-6209,Gina,Rath,mikel.weissnat@yahoo.com,Non-Binary,TRUE,FALSE,88908,0
662-72-1944,Hans,Wisozk,tommie.price@yahoo.com,Non-Binary,TRUE,TRUE,121764,2
538-07-0344,Deandrea,Hettinger,nicola.bernhard@yahoo.com,Female,TRUE,TRUE,99350,0
230-76-1202,Margeret,Kessler,glenn.wolf@gmail.com,Male,TRUE,TRUE,189252,0
630-25-7847,Bok,Grant,yesenia.armstrong@yahoo.com,Non-Binary,FALSE,TRUE,117855,3
766-36-8399,Henry,Weber,randolph.corwin@hotmail.com,Male,FALSE,TRUE,87336,2
720-78-2173,Darin,Beahan,elizebeth.nikolaus@yahoo.com,Female,FALSE,TRUE,63479,2
833-23-5555,Heath,Haag,lawrence.conn@hotmail.com,Male,TRUE,FALSE,64260,0
378-63-0943,Collin,Sipes,franklin.hahn@yahoo.com,Female,FALSE,TRUE,166871,0
699-86-1267,Micheal,Barton,cecily.thiel@hotmail.com,Female,FALSE,TRUE,136828,0
367-97-1202,Regine,White,mohamed.hilll@yahoo.com,Non-Binary,FALSE,FALSE,55934,4
857-07-1561,Cynthia,Reinger,raleigh.leffler@yahoo.com,Female,FALSE,FALSE,134149,0
583-76-7431,Kevin,Lowe,gonzalo.moore@gmail.com,Non-Binary,FALSE,FALSE,162756,5
678-63-1410,Henry,Langworth,raleigh.gislason@yahoo.com,Non-Binary,FALSE,FALSE,189601,0
642-91-4129,Carolee,Carter,diedre.ward@gmail.com,Non-Binary,FALSE,TRUE,117148,5
272-17-0109,Rene,Wilkinson,ignacio.hermann@yahoo.com,Non-Binary,TRUE,TRUE,184524,3
584-79-0509,Jon,Sauer,coy.raynor@hotmail.com,Non-Binary,TRUE,FALSE,145191,5
657-36-9907,Merlin,Flatley,virgen.vonrueden@yahoo.com,Non-Binary,FALSE,TRUE,181268,0
148-73-8825,Edgardo,Cartwright,lavonia.green@hotmail.com,Non-Binary,FALSE,FALSE,162817,0
693-66-6316,Artie,Hoeger,mercedes.dach@hotmail.com,Non-Binary,TRUE,FALSE,58675,0
623-04-0104,Gordon,Abbott,fabian.friesen@gmail.com,Female,FALSE,FALSE,74190,0
613-37-0026,Gerardo,Mann,oliver.smith@gmail.com,Female,TRUE,FALSE,138309,3
466-11-2459,Leigha,Waters,klara.glover@gmail.com,Male,TRUE,TRUE,54945,2
714-27-9927,Leonardo,Hickle,luanna.kunze@hotmail.com,Male,FALSE,FALSE,149338,5
366-65-2775,Royal,Welch,kira.wyman@hotmail.com,Non-Binary,FALSE,FALSE,52608,4
462-93-6869,Hiram,Schoen,jewel.beatty@gmail.com,Female,FALSE,FALSE,165891,3
831-99-5879,Shelton,Nicolas,josue.mueller@hotmail.com,Female,FALSE,FALSE,171347,2
057-87-1206,Javier,Pfeffer,ben.mayer@gmail.com,Non-Binary,FALSE,TRUE,95560,0
340-03-8097,Isreal,Carter,len.hettinger@yahoo.com,Female,FALSE,FALSE,77506,2
038-27-0876,Ebony,Howe,kalyn.beahan@gmail.com,Non-Binary,TRUE,FALSE,54661,5
369-11-2913,Cedrick,Champlin,humberto.gaylord@yahoo.com,Female,TRUE,FALSE,140996,1
790-12-6110,Suzan,Smith,clotilde.johns@gmail.com,Non-Binary,TRUE,FALSE,194638,1
043-84-2327,Magdalen,Monahan,quintin.wiegand@hotmail.com,Male,FALSE,FALSE,190441,4
156-08-6741,Darline,Haley,jayson.moen@yahoo.com,Non-Binary,FALSE,TRUE,129639,4
675-97-9842,Omer,Ledner,hans.abshire@gmail.com,Male,FALSE,FALSE,93209,0
420-60-1184,Patricia,Kulas,latricia.lemke@yahoo.com,Female,FALSE,FALSE,120695,0
271-21-8155,Oleta,Mayert,regena.konopelski@gmail.com,Male,FALSE,FALSE,101705,4
429-19-9537,William,Klein,mirna.volkman@hotmail.com,Female,FALSE,TRUE,168879,0
567-59-2387,Adolph,White,dean.greenfelder@yahoo.com,Male,FALSE,TRUE,87506,5
322-04-5073,Kareem,Kertzmann,lois.robel@gmail.com,Non-Binary,TRUE,FALSE,65216,5
184-57-9019,Olen,Frami,erwin.daugherty@yahoo.com,Male,TRUE,FALSE,180442,3
455-89-4030,Paris,Von,ismael.breitenberg@gmail.com,Non-Binary,FALSE,TRUE,152891,2
675-51-7288,Krystina,Harris,latoyia.balistreri@yahoo.com,Non-Binary,TRUE,TRUE,100394,4
219-01-3654,Steven,DuBuque,drew.breitenberg@gmail.com,Female,FALSE,FALSE,158000,3
573-50-6150,Bradley,Davis,abraham.schaden@hotmail.com,Female,FALSE,TRUE,75036,5
693-04-0304,Gerda,Jacobi,tobie.hudson@gmail.com,Non-Binary,TRUE,FALSE,69209,0
512-01-7408,Kirby,Morissette,wilfredo.auer@hotmail.com,Male,FALSE,TRUE,108845,1
749-64-2517,Rico,Prohaska,traci.mann@gmail.com,Female,FALSE,TRUE,178211,1
143-54-0374,Giuseppe,Jast,mary.wisoky@yahoo.com,Male,FALSE,TRUE,76288,2
022-79-3699,Randy,Lueilwitz,kathyrn.schuppe@gmail.com,Male,FALSE,TRUE,148754,2
562-99-8525,Maurice,Murray,lashell.oberbrunner@hotmail.com,Male,TRUE,FALSE,99649,1
047-60-6434,Anastacia,Rolfson,rodney.grimes@hotmail.com,Non-Binary,TRUE,FALSE,90953,1
859-48-3183,Wynona,Pfannerstill,conrad.cartwright@hotmail.com,Female,TRUE,FALSE,97510,1
187-19-2392,Cordell,Herzog,cliff.schmeler@yahoo.com,Male,FALSE,TRUE,69379,1
088-11-3030,Teresita,Ward,isobel.grady@gmail.com,Non-Binary,FALSE,TRUE,79061,4
418-05-6370,Randell,Schamberger,briana.bernier@gmail.com,Female,TRUE,FALSE,106246,5
647-76-6968,Karina,Mosciski,love.keeling@hotmail.com,Female,FALSE,FALSE,192998,0
083-44-0540,Agustin,Kertzmann,dee.moore@gmail.com,Male,FALSE,TRUE,164409,0
424-13-6478,Federico,Rau,adrianna.cruickshank@gmail.com,Non-Binary,TRUE,FALSE,80183,4
413-52-0035,Lakita,Nitzsche,arron.friesen@hotmail.com,Non-Binary,TRUE,FALSE,111862,3
770-83-0935,Don,Yost,wilbur.lynch@hotmail.com,Non-Binary,TRUE,TRUE,145655,4
367-13-4126,Pearlie,Zboncak,chance.nader@hotmail.com,Male,TRUE,TRUE,198696,4
395-83-6077,Ester,Schoen,lynsey.boehm@gmail.com,Non-Binary,FALSE,TRUE,149856,2
248-29-6142,Joshua,Becker,young.kling@hotmail.com,Non-Binary,TRUE,FALSE,167310,2
457-61-3554,Samuel,Hamill,millie.zboncak@yahoo.com,Male,FALSE,FALSE,102156,0
540-58-6645,Ila,Franecki,rene.stracke@hotmail.com,Non-Binary,TRUE,TRUE,174521,1
599-71-9541,Carlene,Luettgen,rima.franecki@yahoo.com,Non-Binary,FALSE,TRUE,155819,5
041-98-0598,Cecil,Bechtelar,matha.keebler@hotmail.com,Male,FALSE,TRUE,78545,0
434-55-7250,Eliz,Mraz,trent.lebsack@yahoo.com,Female,TRUE,TRUE,157661,4
226-09-0765,Lilla,Grimes,barry.white@hotmail.com,Female,TRUE,FALSE,78013,0
326-25-5143,Tennille,Hammes,jannie.rempel@yahoo.com,Male,TRUE,TRUE,57907,0
200-53-7179,Tonita,Pagac,ramiro.weissnat@gmail.com,Female,TRUE,TRUE,86957,4
689-21-8574,Edmund,Donnelly,sal.veum@gmail.com,Male,TRUE,TRUE,169201,5
733-54-7103,Clinton,Kuvalis,kyle.moore@hotmail.com,Non-Binary,FALSE,FALSE,160066,5
630-07-9957,Yuk,Deckow,darren.hahn@hotmail.com,Female,TRUE,FALSE,60651,0
463-10-2694,Yaeko,Quigley,jordan.nader@gmail.com,Male,FALSE,FALSE,189842,1
345-44-5819,Johnson,Muller,claud.collier@hotmail.com,Non-Binary,TRUE,TRUE,57834,4
196-98-0722,Pearly,Schuster,tobias.mann@hotmail.com,Male,TRUE,FALSE,184720,4
665-14-4090,Wm,Nienow,jefferson.goyette@yahoo.com,Non-Binary,TRUE,TRUE,184760,3
053-76-0931,Major,Kihn,nancee.reinger@yahoo.com,Female,TRUE,TRUE,180174,0
044-73-6795,Kyle,McDermott,edmundo.bednar@hotmail.com,Female,FALSE,FALSE,98842,4
561-72-1208,Jonah,Blanda,yan.witting@gmail.com,Female,TRUE,TRUE,119824,2
495-44-3143,Moises,Stroman,sherrie.rath@yahoo.com,Non-Binary,FALSE,FALSE,138153,0
117-39-2514,Jake,Heathcote,sherwood.waelchi@gmail.com,Female,FALSE,FALSE,137623,5
130-10-2183,Weldon,Effertz,margeret.upton@hotmail.com,Female,TRUE,TRUE,88386,0
765-47-7118,Sammie,Jacobi,ok.rice@hotmail.com,Female,FALSE,TRUE,145482,3
102-57-3138,Raeann,Hackett,dian.macejkovic@hotmail.com,Female,TRUE,FALSE,157799,4
471-17-0002,Emerson,Greenholt,cristopher.runolfsdottir@hotmail.com,Female,TRUE,FALSE,148054,3
586-77-0246,Clair,Bergnaum,lavelle.kutch@yahoo.com,Female,TRUE,TRUE,199658,2
354-70-9877,Anissa,Cormier,jerrod.jenkins@yahoo.com,Non-Binary,TRUE,FALSE,85161,1
330-05-7110,Lisa,Heller,jacklyn.russel@yahoo.com,Non-Binary,TRUE,TRUE,85801,1
607-24-7680,Sebastian,Hauck,evette.goyette@gmail.com,Male,FALSE,TRUE,195212,0
166-15-1973,Alva,Cummerata,reggie.little@gmail.com,Male,TRUE,TRUE,152779,1
603-15-4107,Willene,Marks,fausto.schuster@yahoo.com,Male,TRUE,TRUE,108749,0
700-84-9327,Bernie,Lockman,marquerite.berge@gmail.com,Female,FALSE,TRUE,75471,3
696-77-2653,Effie,Conn,merrill.wiza@yahoo.com,Male,TRUE,FALSE,154692,5
032-41-4862,Ezekiel,Hagenes,jonelle.bernhard@gmail.com,Non-Binary,TRUE,TRUE,192921,0
707-17-5612,Earlean,Bernier,fransisca.satterfield@hotmail.com,Non-Binary,TRUE,FALSE,152669,5
479-20-6497,Janella,Murray,jame.mertz@yahoo.com,Male,TRUE,FALSE,109407,2
031-61-3454,Natalia,Connelly,leroy.russel@hotmail.com,Male,TRUE,TRUE,153220,4
408-71-6218,Andrea,Balistreri,rachal.aufderhar@hotmail.com,Male,FALSE,TRUE,83949,0
758-45-5518,Jung,Gibson,tran.quigley@yahoo.com,Non-Binary,TRUE,FALSE,199542,5
455-08-2872,Numbers,Wehner,annamae.auer@hotmail.com,Non-Binary,TRUE,FALSE,147565,0
851-18-4465,Hannelore,Farrell,william.kerluke@gmail.com,Non-Binary,TRUE,FALSE,171185,2
539-91-6654,Dorine,Dach,joi.greenfelder@yahoo.com,Male,TRUE,TRUE,92559,5
502-24-2703,Carma,VonRueden,polly.larson@gmail.com,Female,TRUE,FALSE,74644,0
432-45-0289,Tracey,Towne,lanelle.dickens@yahoo.com,Non-Binary,FALSE,TRUE,128579,2
278-13-7606,Cheryll,Hahn,stacy.frami@yahoo.com,Non-Binary,FALSE,FALSE,64894,3
279-61-5370,Bart,Davis,roy.ferry@gmail.com,Male,FALSE,TRUE,117986,5
638-76-3170,Jacalyn,Rosenbaum,michal.marquardt@gmail.com,Non-Binary,TRUE,FALSE,119916,3
088-18-8439,Ligia,Turner,debbie.cole@gmail.com,Female,FALSE,FALSE,130961,3
083-16-5423,Larry,Swaniawski,ebonie.heidenreich@yahoo.com,Male,FALSE,TRUE,182704,2
146-57-5045,David,Kihn,ming.brekke@yahoo.com,Male,TRUE,FALSE,80120,1
446-01-5386,Caitlyn,Nader,dennise.roberts@hotmail.com,Female,FALSE,TRUE,146771,3
305-12-2540,Agripina,Braun,helene.kris@gmail.com,Non-Binary,TRUE,FALSE,197279,5
231-15-5143,Janae,Bogisich,fred.lindgren@gmail.com,Female,TRUE,TRUE,187249,3
411-07-7764,Carrie,Padberg,contessa.bradtke@gmail.com,Male,TRUE,TRUE,137140,4
264-25-2423,Marvis,Halvorson,velva.hoeger@hotmail.com,Female,FALSE,TRUE,171678,2
724-63-3988,Clarissa,Keebler,johanna.balistreri@gmail.com,Male,FALSE,TRUE,126525,0
043-27-5168,Parker,Kerluke,jan.windler@hotmail.com,Non-Binary,TRUE,FALSE,187198,5
225-48-7819,Joan,Moore,long.okuneva@gmail.com,Male,FALSE,FALSE,179392,0
097-38-0472,Kenneth,Kuphal,ronald.olson@yahoo.com,Non-Binary,FALSE,TRUE,59158,3
504-36-7075,Ezekiel,Murray,lou.huel@yahoo.com,Male,FALSE,FALSE,68317,5
461-48-9971,Basilia,Halvorson,susie.douglas@hotmail.com,Non-Binary,TRUE,FALSE,95711,2
103-82-5864,Vincenzo,Willms,ardis.casper@gmail.com,Non-Binary,FALSE,FALSE,172995,4
611-95-7540,Willis,Kessler,jake.jaskolski@hotmail.com,Male,FALSE,TRUE,125128,4
667-34-1446,Burl,Bayer,edmundo.marks@hotmail.com,Non-Binary,TRUE,TRUE,68791,1
113-89-4846,Jody,Corwin,peg.kreiger@gmail.com,Female,FALSE,FALSE,72547,0
163-70-5990,Kendall,Wolf,samella.sanford@yahoo.com,Non-Binary,TRUE,TRUE,146997,4
378-15-0791,Karisa,Hickle,august.auer@gmail.com,Female,FALSE,TRUE,53447,2
070-93-2842,Erik,Stanton,jamar.kohler@yahoo.com,Non-Binary,FALSE,FALSE,100955,1
136-90-8911,Onie,Torphy,audria.powlowski@gmail.com,Male,TRUE,TRUE,142229,3
827-51-8637,Young,Sanford,sol.hane@hotmail.com,Female,TRUE,FALSE,52991,0
573-50-7963,Hang,Heller,allan.schiller@gmail.com,Male,FALSE,TRUE,180606,5
645-21-1140,Ruth,Schinner,camellia.balistreri@yahoo.com,Male,FALSE,FALSE,100468,1
765-54-0390,Magaret,Lowe,werner.gorczany@yahoo.com,Male,TRUE,FALSE,104895,0
698-37-3366,Cyrus,Koch,reed.spencer@hotmail.com,Female,FALSE,TRUE,172281,1
111-04-7320,Freddy,Hickle,meta.auer@hotmail.com,Female,TRUE,TRUE,179173,4
409-04-2415,Van,Kerluke,billy.steuber@yahoo.com,Non-Binary,TRUE,TRUE,76216,2
795-80-3557,Dante,Pollich,geraldo.nader@yahoo.com,Male,TRUE,FALSE,144457,4
541-21-4242,Carey,Kozey,catrice.mayer@hotmail.com,Female,FALSE,FALSE,190695,1
045-76-1683,Odell,Kshlerin,floyd.bradtke@yahoo.com,Male,FALSE,TRUE,150927,4
118-30-2678,Val,Feest,hollis.roberts@yahoo.com,Male,TRUE,TRUE,122764,0
761-17-8477,Genie,Brekke,rosalinda.weimann@hotmail.com,Female,TRUE,FALSE,126829,3
794-93-5789,Karey,Schultz,heidi.herman@gmail.com,Male,TRUE,FALSE,108079,2
380-38-9862,Taunya,McGlynn,esteban.spencer@gmail.com,Male,TRUE,TRUE,192542,4
841-80-2977,Nu,Ortiz,annalisa.swift@hotmail.com,Male,TRUE,FALSE,180597,5
757-60-8268,Arlinda,Beatty,karry.quigley@yahoo.com,Non-Binary,TRUE,TRUE,98890,2
080-10-8022,Felecia,Swaniawski,iluminada.kuvalis@hotmail.com,Female,FALSE,TRUE,119762,2
012-24-2679,Frank,Towne,jason.nicolas@hotmail.com,Male,TRUE,TRUE,183523,0
583-64-9619,Aleida,Kiehn,isiah.ritchie@yahoo.com,Female,TRUE,FALSE,180411,2
650-40-1283,Kym,Conroy,bao.mcglynn@yahoo.com,Female,TRUE,TRUE,168579,3
552-69-6622,Kary,Wehner,glinda.hessel@gmail.com,Non-Binary,TRUE,TRUE,66779,2
742-24-3224,Vashti,Gutkowski,dusti.mills@gmail.com,Female,TRUE,FALSE,90709,0
235-28-4131,Rubin,Rosenbaum,harland.bartell@yahoo.com,Non-Binary,FALSE,FALSE,65718,5
019-45-2369,Carlos,Williamson,analisa.torphy@gmail.com,Female,TRUE,TRUE,191155,5
443-69-1892,Elsa,Gleichner,demetrius.thiel@yahoo.com,Male,TRUE,TRUE,161908,3
497-88-6597,Nicky,Kirlin,hassan.casper@yahoo.com,Non-Binary,TRUE,FALSE,148925,5
844-01-4905,Jetta,Metz,christoper.yundt@hotmail.com,Male,FALSE,FALSE,196715,3
562-03-8465,Bethanie,Roob,art.dach@gmail.com,Non-Binary,FALSE,TRUE,55615,0
174-98-7570,Jefferey,Schimmel,sidney.mertz@hotmail.com,Non-Binary,FALSE,FALSE,126084,2
554-02-3100,Cole,Torphy,silvia.cremin@hotmail.com,Non-Binary,FALSE,TRUE,175083,4
022-61-3032,Marcelino,Renner,fletcher.hayes@gmail.com,Female,FALSE,TRUE,151633,5
806-98-6140,Blanch,Dach,tod.vandervort@yahoo.com,Male,FALSE,FALSE,189592,1
888-41-8178,Benjamin,Hermann,lavern.mills@yahoo.com,Male,TRUE,TRUE,86101,3
455-14-0130,Janee,Marquardt,victoria.wunsch@yahoo.com,Female,TRUE,TRUE,108377,4
756-44-2722,Alec,O'Hara,marcus.macgyver@gmail.com,Male,TRUE,FALSE,112620,2
544-48-2952,Leticia,Klein,kati.fay@hotmail.com,Female,TRUE,TRUE,68907,0
351-46-5987,Mohammed,Morar,valerie.rice@yahoo.com,Female,FALSE,TRUE,115491,5
003-64-4590,Dwain,Hilpert,johnna.schoen@gmail.com,Female,FALSE,TRUE,93194,5
717-66-0099,Jocelyn,Rohan,rudy.gislason@yahoo.com,Non-Binary,TRUE,FALSE,101548,1
728-35-9447,Arlie,Lehner,dewitt.kovacek@yahoo.com,Non-Binary,TRUE,FALSE,146902,3
715-14-6872,Elda,Hane,jocelyn.ondricka@hotmail.com,Male,TRUE,TRUE,98303,4
438-86-9658,Tanner,Schamberger,alena.oreilly@gmail.com,Male,FALSE,FALSE,163374,3
304-41-2874,Delcie,Raynor,quintin.grant@hotmail.com,Female,TRUE,TRUE,118734,5
323-59-1968,Trang,Witting,johana.waelchi@gmail.com,Female,TRUE,TRUE,59497,1
867-84-0431,Armandina,Balistreri,nathanael.schiller@yahoo.com,Female,FALSE,TRUE,104082,5
560-64-0796,Penney,Gleason,wyatt.fay@yahoo.com,Female,FALSE,TRUE,181829,3
142-53-8666,Stacy,Bayer,clyde.gislason@gmail.com,Non-Binary,FALSE,TRUE,170000,4
679-55-9616,Kim,Hartmann,lou.yost@gmail.com,Male,TRUE,FALSE,119063,3
043-50-2932,Mignon,Conn,jerry.gulgowski@hotmail.com,Female,TRUE,TRUE,73886,0
466-11-6135,Larry,Terry,francisco.hauck@hotmail.com,Male,TRUE,TRUE,82477,4
462-65-3765,Halina,Schmeler,malcom.johnston@yahoo.com,Male,FALSE,FALSE,186531,1
024-95-2602,Benjamin,McCullough,niesha.corkery@hotmail.com,Non-Binary,FALSE,TRUE,101495,0
899-81-4105,Olympia,Heaney,gregg.nikolaus@gmail.com,Male,TRUE,FALSE,143727,4
358-08-2922,Jesse,Kilback,devon.beatty@hotmail.com,Non-Binary,FALSE,FALSE,104793,4
809-27-6191,Ronald,Walsh,seth.treutel@gmail.com,Male,TRUE,TRUE,134314,1
687-23-3823,Doris,Towne,leigh.durgan@yahoo.com,Female,TRUE,FALSE,192219,0
363-57-1087,Clement,Koch,esteban.halvorson@gmail.com,Non-Binary,FALSE,TRUE,163472,4
169-50-9100,Rudy,Mante,deshawn.boyer@gmail.com,Female,FALSE,TRUE,110064,3
379-84-6264,Zane,Lesch,napoleon.beier@gmail.com,Female,TRUE,FALSE,154032,3
555-85-3163,Yetta,Nitzsche,danial.wiegand@yahoo.com,Non-Binary,TRUE,FALSE,101468,3
381-48-6969,Paulette,Lemke,anisa.ratke@hotmail.com,Female,FALSE,TRUE,93641,2
660-29-3971,Numbers,Rolfson,josue.kuhic@hotmail.com,Male,TRUE,TRUE,95599,5
171-06-9634,Wes,Gerlach,loris.hahn@gmail.com,Non-Binary,TRUE,FALSE,100966,1
746-86-5588,Aura,Collier,kristofer.kuphal@hotmail.com,Female,FALSE,TRUE,112016,5
228-55-1062,Perry,Denesik,vella.hodkiewicz@gmail.com,Female,TRUE,FALSE,128165,2
523-15-6789,Richard,Ondricka,mazie.larkin@gmail.com,Male,TRUE,FALSE,156875,0
495-29-3450,Jona,McClure,altagracia.cormier@gmail.com,Male,TRUE,TRUE,55434,0
610-48-4746,Zonia,Hills,tammy.vonrueden@gmail.com,Male,TRUE,FALSE,158793,3
170-27-6538,Eufemia,Monahan,cuc.gaylord@hotmail.com,Female,TRUE,FALSE,123455,0
759-86-9134,Lynwood,Kuphal,sydney.smith@gmail.com,Female,TRUE,TRUE,86486,4
298-96-0469,Estell,Schoen,larry.schowalter@gmail.com,Male,TRUE,TRUE,177123,3
608-43-9734,Lourdes,Ebert,tanika.labadie@hotmail.com,Non-Binary,FALSE,TRUE,65339,1
136-54-7399,Bruce,Stiedemann,hildegarde.robel@yahoo.com,Non-Binary,FALSE,FALSE,146989,3
834-63-1361,Garland,Herzog,garrett.mohr@hotmail.com,Non-Binary,TRUE,TRUE,89486,4
400-59-2326,Jeffrey,Cormier,luana.mccullough@hotmail.com,Female,TRUE,FALSE,136074,1
072-44-5751,Meredith,Macejkovic,argentina.thompson@gmail.com,Female,TRUE,FALSE,102393,1
305-20-1932,Lucile,Gorczany,jame.kessler@hotmail.com,Female,TRUE,FALSE,67862,3
118-08-0457,Maxie,Rodriguez,toney.herman@hotmail.com,Female,TRUE,TRUE,126349,2
274-58-5254,Nickolas,Maggio,carlo.blick@gmail.com,Male,TRUE,TRUE,166788,5
603-80-0691,Scarlett,Hickle,august.halvorson@hotmail.com,Non-Binary,FALSE,FALSE,149755,3
771-95-0506,Doris,Herman,harry.brakus@hotmail.com,Male,TRUE,TRUE,99438,3
411-65-1836,Florentino,Corkery,stacey.lockman@gmail.com,Female,FALSE,TRUE,129584,0
561-45-2443,Justine,Skiles,reyes.breitenberg@yahoo.com,Female,TRUE,FALSE,93947,2
812-23-7046,Norbert,Padberg,francene.homenick@gmail.com,Non-Binary,FALSE,FALSE,75152,4
145-39-5238,Laverna,Shields,raymon.nikolaus@hotmail.com,Non-Binary,FALSE,TRUE,183953,5
135-68-0749,Ferdinand,Reilly,joel.bechtelar@yahoo.com,Female,FALSE,FALSE,156919,4
200-58-7402,Romeo,Strosin,rickey.vonrueden@yahoo.com,Male,FALSE,FALSE,166555,0
083-09-4275,Leon,McCullough,sidney.gutmann@gmail.com,Male,TRUE,TRUE,76300,1
278-52-4994,Demetrius,Fay,gregg.stehr@hotmail.com,Non-Binary,TRUE,FALSE,163133,3
064-85-0865,Velia,Reinger,raul.schneider@gmail.com,Non-Binary,FALSE,FALSE,95429,0
361-59-8506,Rosalva,Armstrong,brain.yundt@hotmail.com,Female,FALSE,TRUE,134265,4
881-79-1359,Napoleon,Ullrich,beverley.feil@yahoo.com,Male,FALSE,FALSE,149743,4
173-25-5810,Elicia,Kozey,carolynn.block@yahoo.com,Non-Binary,FALSE,TRUE,75064,1
604-65-3096,Leonor,Kris,stephan.berge@gmail.com,Female,TRUE,FALSE,167764,4
886-96-7502,Ivonne,Paucek,lavern.gislason@hotmail.com,Male,FALSE,TRUE,56717,5
769-93-2895,Aleen,Blanda,avelina.wunsch@yahoo.com,Non-Binary,TRUE,FALSE,116226,5
688-86-1900,Cherise,Ernser,janie.bogisich@yahoo.com,Non-Binary,FALSE,FALSE,146801,0
661-94-6614,Janetta,Auer,anitra.collins@yahoo.com,Female,TRUE,TRUE,112024,2
859-94-5883,Kendra,Brakus,deon.breitenberg@gmail.com,Male,TRUE,TRUE,115185,3
278-44-3751,Timothy,Vandervort,ricarda.kling@hotmail.com,Non-Binary,TRUE,TRUE,146765,5
074-27-1460,Janeen,Schuster,rozella.larkin@gmail.com,Non-Binary,TRUE,TRUE,67284,4
369-94-3488,Torri,Fay,cyril.hermiston@yahoo.com,Male,TRUE,TRUE,118158,3
220-64-4782,Jackson,Jaskolski,marshall.cruickshank@hotmail.com,Female,TRUE,FALSE,132611,4
767-58-8243,Samual,Roob,maxie.sawayn@hotmail.com,Non-Binary,TRUE,FALSE,182009,3
082-06-2570,Sherly,Nicolas,millard.schamberger@yahoo.com,Male,FALSE,TRUE,181861,1
763-32-6011,Georgina,Mosciski,palmer.wuckert@gmail.com,Female,TRUE,FALSE,63633,1
646-01-1184,Florence,Emard,latonia.schmidt@hotmail.com,Female,FALSE,TRUE,191381,1
679-98-6717,Prince,Baumbach,clemente.schiller@hotmail.com,Non-Binary,TRUE,TRUE,127039,0
049-63-6256,Shawn,Lubowitz,luis.boyle@yahoo.com,Male,FALSE,FALSE,148430,4
886-15-2199,Kathyrn,Lynch,betty.upton@yahoo.com,Female,TRUE,FALSE,95065,4
195-92-6178,Willia,Grant,collene.ruecker@gmail.com,Female,FALSE,TRUE,140213,0
300-53-0917,Alex,Windler,venessa.bradtke@gmail.com,Non-Binary,FALSE,TRUE,99580,4
502-99-5218,Florencio,Rutherford,kermit.gerhold@hotmail.com,Male,TRUE,FALSE,50901,4
211-38-2161,Bibi,Larkin,quinn.schaefer@gmail.com,Male,TRUE,FALSE,106544,2
467-66-7353,Archie,O'Kon,marion.anderson@gmail.com,Non-Binary,FALSE,FALSE,182646,0
698-81-4980,Miles,Schimmel,danica.haag@gmail.com,Non-Binary,TRUE,TRUE,97665,5
867-16-1368,Tanner,Wolff,marcos.sauer@hotmail.com,Male,FALSE,TRUE,183397,3
631-96-1028,Jeramy,Feeney,toshiko.hessel@hotmail.com,Male,FALSE,TRUE,91618,5
526-44-0307,Rebbecca,Schimmel,charley.kshlerin@gmail.com,Male,TRUE,TRUE,195486,0
808-99-8796,Maxwell,Kovacek,hayley.mccullough@yahoo.com,Non-Binary,FALSE,FALSE,182394,5
573-24-7204,Irma,Walsh,francesco.koss@gmail.com,Female,TRUE,FALSE,182829,4
007-03-1791,Rosana,Konopelski,marcelino.luettgen@hotmail.com,Non-Binary,FALSE,TRUE,80783,5
281-65-4671,Jose,Pagac,enoch.stiedemann@gmail.com,Non-Binary,FALSE,TRUE,62890,5
275-23-5161,Francesco,MacGyver,tracey.okuneva@yahoo.com,Non-Binary,FALSE,FALSE,119386,1
274-68-9040,Ernest,VonRueden,annabell.spinka@gmail.com,Male,FALSE,FALSE,80135,5
289-76-2716,Orpha,Hettinger,september.marvin@yahoo.com,Non-Binary,FALSE,FALSE,171120,1
040-86-1737,Christene,Kihn,lena.barton@gmail.com,Non-Binary,FALSE,TRUE,120316,3
593-25-1179,Rashad,Casper,carmina.kris@yahoo.com,Male,TRUE,TRUE,151153,0
111-18-6982,Wm,Bosco,jeromy.corwin@yahoo.com,Female,TRUE,FALSE,116095,4
041-96-8449,Theresia,Predovic,ashli.kilback@gmail.com,Non-Binary,TRUE,TRUE,135012,3
122-74-4103,Joaquin,Rath,ivy.boehm@yahoo.com,Male,FALSE,TRUE,161429,0
163-37-8308,Verda,Shields,dorothea.feeney@yahoo.com,Non-Binary,TRUE,FALSE,132316,2
202-26-9907,Lorilee,Walker,mike.krajcik@hotmail.com,Female,FALSE,FALSE,65748,3
652-52-3382,Lucio,Stamm,harvey.berge@gmail.com,Non-Binary,FALSE,TRUE,133653,2
324-22-1955,Sid,Krajcik,joan.runte@gmail.com,Female,TRUE,TRUE,190174,3
558-82-3012,Bree,Green,sanford.shields@hotmail.com,Male,FALSE,TRUE,117479,5
605-48-6563,Delena,Mante,claude.bode@hotmail.com,Male,FALSE,TRUE,130923,1
650-64-2062,Collene,Bogisich,candi.effertz@hotmail.com,Female,TRUE,FALSE,95964,3
595-72-8192,Rogelio,Hegmann,celsa.reynolds@gmail.com,Female,TRUE,FALSE,173729,5
127-31-4523,Marinda,O'Hara,lucretia.toy@yahoo.com,Non-Binary,FALSE,FALSE,138705,2
235-22-7146,Augustine,Collins,wilber.watsica@hotmail.com,Female,TRUE,FALSE,193455,5
671-90-4933,Carey,Feil,walton.brakus@yahoo.com,Male,TRUE,TRUE,79677,4
057-11-3854,Dorian,Denesik,dong.mraz@hotmail.com,Female,TRUE,FALSE,177190,1
132-14-3563,Marlin,Nolan,esteban.corwin@yahoo.com,Male,TRUE,TRUE,58939,4
737-77-3476,Tristan,Bogisich,keenan.hegmann@gmail.com,Non-Binary,FALSE,TRUE,138838,0
622-95-7799,Eldon,Koss,amada.hermann@yahoo.com,Non-Binary,FALSE,FALSE,116816,3
512-34-2642,Emmy,Gleichner,sharyn.muller@gmail.com,Male,TRUE,TRUE,157641,2
778-47-3265,Adelaide,Nader,daria.kreiger@gmail.com,Female,TRUE,TRUE,100398,4
530-31-4254,Hiram,Strosin,dallas.borer@yahoo.com,Female,TRUE,FALSE,116510,3
767-99-3909,Sheba,Olson,jamar.balistreri@gmail.com,Female,TRUE,TRUE,194238,3
744-67-5651,Candy,Skiles,shameka.mclaughlin@hotmail.com,Female,TRUE,TRUE,157510,3
896-03-8342,Juliet,Toy,lemuel.bechtelar@hotmail.com,Male,FALSE,FALSE,150984,5
769-28-2398,Christian,Kilback,erin.brown@yahoo.com,Non-Binary,TRUE,FALSE,154982,4
408-79-6900,Leslee,Hauck,corey.collins@yahoo.com,Non-Binary,TRUE,FALSE,52644,2
451-44-7434,Salvador,Kuhic,cassandra.shanahan@yahoo.com,Male,FALSE,TRUE,174055,0
570-75-5378,Laree,Hoppe,todd.white@hotmail.com,Non-Binary,FALSE,TRUE,63987,2
507-24-8291,Christian,Feil,taylor.mayert@yahoo.com,Female,TRUE,TRUE,194023,2
801-28-2971,Jewell,Abernathy,nadine.will@yahoo.com,Male,TRUE,TRUE,107206,1
199-96-8143,Thad,Stehr,rocky.rohan@hotmail.com,Non-Binary,FALSE,TRUE,118949,5
051-86-2595,Albert,Marquardt,rosia.kub@yahoo.com,Female,TRUE,TRUE,186818,2
223-34-5296,Patricia,Koepp,cherrie.dooley@hotmail.com,Male,TRUE,FALSE,157522,2
217-32-3825,Machelle,Kozey,sharmaine.bergnaum@hotmail.com,Non-Binary,FALSE,TRUE,172130,5
483-11-1145,Toney,Hilpert,edward.skiles@hotmail.com,Male,TRUE,FALSE,194059,4
618-48-2185,Jeffry,Kulas,claudio.abshire@yahoo.com,Male,FALSE,TRUE,150169,4
008-16-5729,Marion,Christiansen,nadia.mertz@yahoo.com,Non-Binary,TRUE,FALSE,179075,1
432-88-7374,Rasheeda,Reilly,tilda.green@gmail.com,Non-Binary,TRUE,FALSE,124080,5
740-27-0236,Lashawna,Renner,marquerite.klocko@hotmail.com,Male,TRUE,TRUE,99209,0
155-61-9587,Colleen,Harvey,lyndon.gutmann@yahoo.com,Female,FALSE,FALSE,192903,2
124-74-3550,Kiera,Romaguera,idalia.schmidt@gmail.com,Non-Binary,TRUE,FALSE,187299,0
591-13-1446,Candyce,Pollich,johnnie.kirlin@gmail.com,Female,TRUE,FALSE,148099,5
786-72-9289,Sammy,Koepp,reid.jacobi@yahoo.com,Female,FALSE,TRUE,98532,1
027-05-5698,Buster,Borer,opal.purdy@gmail.com,Non-Binary,TRUE,TRUE,170370,2
193-74-3102,Elwood,Hessel,maynard.hintz@yahoo.com,Non-Binary,TRUE,FALSE,177421,1
702-09-6481,Boris,Aufderhar,beau.wisozk@gmail.com,Male,FALSE,TRUE,172350,4
233-13-8486,Fabiola,Kilback,sue.oreilly@yahoo.com,Non-Binary,TRUE,FALSE,105820,3
164-84-2017,Tisha,Satterfield,gayle.murazik@gmail.com,Male,FALSE,FALSE,150783,0
560-57-0282,Jaleesa,Hansen,ramiro.will@gmail.com,Female,TRUE,TRUE,105751,0
346-42-8977,Luke,Steuber,dustin.altenwerth@yahoo.com,Non-Binary,FALSE,FALSE,103174,3
287-68-8542,Tamica,Weimann,cleopatra.witting@hotmail.com,Male,FALSE,TRUE,147334,4
039-05-0879,Cary,Marvin,sharen.orn@gmail.com,Female,FALSE,TRUE,129323,3
439-56-8821,Fredricka,Wolff,edison.rogahn@yahoo.com,Non-Binary,TRUE,FALSE,142001,0
605-64-9981,Mauricio,Greenfelder,angelo.rippin@hotmail.com,Male,TRUE,TRUE,143263,4
791-07-5106,Tawanda,Borer,herman.carroll@gmail.com,Non-Binary,FALSE,TRUE,58137,3
165-71-2646,Gerda,Borer,karissa.halvorson@hotmail.com,Female,TRUE,TRUE,160507,0
119-80-8215,Sharice,Cassin,dan.hintz@hotmail.com,Female,FALSE,TRUE,87402,3
394-97-0864,Mikel,Skiles,rodney.schumm@gmail.com,Male,FALSE,TRUE,183942,2
828-90-0886,Manie,Thompson,willie.ohara@gmail.com,Non-Binary,TRUE,TRUE,116964,2
648-30-8950,Angelita,Feil,jamel.abernathy@gmail.com,Female,TRUE,FALSE,149581,0
717-06-8332,Colton,Barton,gidget.cremin@hotmail.com,Female,TRUE,TRUE,65166,1
057-09-6841,Ray,Hintz,carlton.rosenbaum@hotmail.com,Male,FALSE,FALSE,162539,3
410-86-3579,Amina,Mann,mauricio.lemke@hotmail.com,Male,FALSE,TRUE,98733,3
095-27-2420,Rocio,Wintheiser,shawna.dooley@hotmail.com,Non-Binary,FALSE,TRUE,62665,2
575-76-8751,Dolores,Dickens,cody.schulist@hotmail.com,Non-Binary,FALSE,FALSE,132733,5
020-55-6537,Donte,Green,latosha.rohan@yahoo.com,Male,FALSE,FALSE,83736,3
312-74-1533,Alberto,Bogan,vita.lesch@hotmail.com,Non-Binary,TRUE,TRUE,87558,4
557-92-9433,Hiram,Kemmer,matt.kihn@hotmail.com,Male,TRUE,FALSE,118871,4
757-60-7773,Kendall,Steuber,jerrold.damore@yahoo.com,Male,TRUE,TRUE,140406,4
149-70-8231,Damian,Rau,audry.barrows@yahoo.com,Non-Binary,TRUE,TRUE,90626,2
551-32-2653,Boyce,Turcotte,dallas.okeefe@yahoo.com,Male,FALSE,FALSE,160376,4
025-06-0719,Anneliese,Bradtke,ann.quitzon@gmail.com,Male,FALSE,TRUE,78974,0
652-74-3403,Thersa,Koss,sheila.kohler@yahoo.com,Non-Binary,TRUE,FALSE,166817,3
616-21-7902,Scottie,Grant,tamatha.volkman@gmail.com,Male,FALSE,TRUE,61514,1
440-90-5038,Lyndon,McClure,wilbur.lang@hotmail.com,Female,FALSE,TRUE,94674,1
482-30-6150,Martina,Toy,vern.anderson@gmail.com,Male,FALSE,FALSE,83606,2
201-64-0543,Diedre,Conroy,len.schulist@gmail.com,Non-Binary,TRUE,TRUE,157307,4
882-81-0841,Malcom,Hilpert,elmo.romaguera@yahoo.com,Female,FALSE,FALSE,151280,1
596-13-8766,Pierre,Kuvalis,elroy.johnson@hotmail.com,Male,TRUE,TRUE,50891,2
237-08-3089,Barry,Rodriguez,karyn.carroll@hotmail.com,Male,FALSE,TRUE,58202,0
350-21-8288,Sidney,Upton,mariano.toy@gmail.com,Female,FALSE,FALSE,141995,1
683-76-3253,Rocky,Huel,bill.mcdermott@gmail.com,Female,FALSE,TRUE,191764,3
559-54-7849,Jade,Schimmel,moses.schaefer@yahoo.com,Female,TRUE,FALSE,50819,3
202-12-8642,Yaeko,Wisoky,ellan.pfeffer@hotmail.com,Female,TRUE,TRUE,188189,5
080-26-9168,Justina,Ortiz,rachal.ortiz@yahoo.com,Male,TRUE,FALSE,53633,1
316-78-5967,Norberto,Mante,christel.schmidt@hotmail.com,Female,TRUE,TRUE,89579,1
330-08-2002,Rene,Gorczany,robert.abbott@yahoo.com,Male,FALSE,TRUE,63337,2
376-64-5476,Mary,Nolan,alphonse.ebert@gmail.com,Non-Binary,FALSE,TRUE,123287,0
497-18-0775,Harland,Runolfsson,stormy.kuhn@hotmail.com,Male,TRUE,FALSE,93663,0
738-34-2043,Shiloh,Lind,eleonore.wehner@gmail.com,Non-Binary,FALSE,TRUE,121658,5
048-52-6534,Leonardo,Botsford,aubrey.mertz@yahoo.com,Non-Binary,FALSE,FALSE,135638,2
669-65-8349,Tyrell,Schumm,emogene.macgyver@hotmail.com,Male,TRUE,TRUE,69724,1
812-51-0738,Isaura,Schmidt,gail.rodriguez@hotmail.com,Female,FALSE,TRUE,110752,0
553-51-6844,Rene,Orn,clarita.runte@yahoo.com,Female,FALSE,TRUE,68578,3
674-59-1269,Alease,Smith,napoleon.langworth@gmail.com,Male,FALSE,FALSE,120776,2
616-70-7133,Darrick,Harvey,emory.mcglynn@yahoo.com,Female,FALSE,TRUE,176106,5
408-41-0572,Katlyn,Reichel,tawanna.corkery@hotmail.com,Non-Binary,FALSE,FALSE,192598,4
